key,cycle,card_id,title_zh,title_en,kind,auto_settle,grants,base,modifiers,manual,unresolved,warnings,confidence,notes
c1:6400,c1,6400,坏日子,DOG DAYS,none,none,,,,每有3 ICON(cloaked-figure glyph)，失去-1 ✕，然后失去-3 ICON(cloaked-figure glyph)。 / 如果没有失去 ✕，获得+1 ICON(cloaked-figure glyph)。 / [ICON(black lozenge with white vessel glyph) 7+] Gain +2 ICON(cloaked-figure glyph).,,,medium,"Chinese rules text; two glyphs unresolved: a dark cloaked-figure icon (4 uses, white round head) and a bold ✕. Badge is a dark lozenge with a white vessel glyph plus '7+'. No corner disc."
c1:6401,c1,6401,米诺斯人舰队,MINOAN FLEET,resource-plus,partial,Friendly（恰好 +1） → Trireme ×4,,[Friendly]Trireme×4（追加）,根据你们与米诺斯人的外交关系结算一项效果。 / [Allied] Gain +1 ICON(disc-with-emblem glyph). / [Neutral] Each Argonaut gains +1 A. / [Unfriendly] Gain +1 ICON(cup/urn glyph). / [Denounced] Lose -1 Titan. / [At War] Lose -1 ICON(disc-with-emblem glyph). / [ICON(black lozenge with white vessel glyph) 7+] 随机一名阿尔戈英雄获得1枚绝望指示物。,,,medium,Diplomacy card. Unresolved glyphs: a black disc with a white emblem (Allied grant / At War loss) and a dark cup-or-urn glyph (Unfriendly grant); badge is a dark lozenge with a white vessel glyph plus '7+'.
c1:6402,c1,6402,角誓者舰队,HORNSWORN FLEET,none,none,,,,根据你们与角誓者的外交关系结算一项效果。 / [Allied] Gain +1 ICON(cup/urn glyph). / [Friendly] Chosen Argonaut gains 1 Mnemos node. / [Neutral] Chosen Argonaut gains +1 A. / [Unfriendly] Gain +1 ICON(cup/urn glyph). / [Denounced] Gain +2 ICON(cloaked-figure glyph). / [At War] Lose -1 ✕. / [ICON(black lozenge with white vessel glyph) 7+] 随机一名阿尔戈英雄获得1枚绝望指示物。,,,medium,"Diplomacy card. Unresolved glyphs: dark cup-or-urn glyph (Allied+Unfriendly grants), dark cloaked-figure glyph (Denounced grant), bold ✕. Badge = dark lozenge with white vessel glyph plus '7+'."
c1:6403,c1,6403,迷宫徒轮船,LABYRINTHIAN VESSEL,none,none,（未识别）Calcified Knuckle Bone or Fleshy Mantle ×1,,,"根据你们与迷宫徒的外交关系结算一项效果。 / [Allied] Gain +1 ✕ and +1 ICON(cloaked-figure glyph). / [Neutral] Each Argonaut gains +1 Ψ. / [Unfriendly] Gain +1 ICON(cup/urn glyph). / [Denounced] At the start of the next Timeline Battle, Escalate 1. / [At War] Gain +1 ICON(skull glyph). / [ICON(black lozenge with white vessel glyph) 7+] 随机一名阿尔戈英雄获得1枚绝望指示物。",未在 c1 记录表资源表里找到：Calcified Knuckle Bone or Fleshy Mantle,,medium,"Diplomacy card. Unresolved glyphs: bold ✕, dark cloaked-figure glyph, dark cup-or-urn glyph, and a small dark glyph with a white skull (At War grant); Neutral glyph may be 'A'."
c1:6404,c1,6404,贸易站,TRADE POST,resource-only,full,Trireme ×1；Friendly+（+1 或更好） → Trireme ×2,Trireme×1,[Friendly+]Trireme×2（替换）,,,,high,Thin divider between the base effect and the 'Friendly+' replacement branch; 'instead' branch flagged. Corner disc clearly reads 4.
c1:6405,c1,6405,贸易站,TRADE POST,resource-only,full,Trireme ×1；Friendly+（+1 或更好） → Trireme ×2,Trireme×1,[Friendly+]Trireme×2（替换）,,,,high,Text identical to card 6404 but corner disc reads 8 and code AB0080; divider separates base effect from the 'Friendly+' replacement.
c1:6406,c1,6406,渔码头,FISHING PIER,resource-plus,partial,Trireme ×2,Trireme×2,,[Denounced-] Chosen Argonaut gains +1 A.,,,high,"Corner disc holds a plain vertical bar, read as 1. Badge lozenge prints 'Denounced-' with the hyphen attached at the right edge."
c1:6407,c1,6407,战船残骸,TRIREME WRECK,resource-plus,partial,Trireme ×2,Trireme×2,,[Denounced-] Chosen Argonaut gains +1 A.,,,high,Badge reads 'Denounced-' with trailing hyphen; divider above it separates base effect from conditioned clause.
c1:6408,c1,6408,战船残骸,TRIREME WRECK,resource-plus,partial,Trireme ×2,Trireme×2,,[Denounced-] Chosen Argonaut gains +1 A.,,,high,Corner disc reads 13; badge 'Denounced-' with trailing hyphen.
c1:6409,c1,6409,铁匠铺,SMITHY,resource-only,full,Armament ×1；Friendly+（+1 或更好） → Armament ×2,Armament×1,[Friendly+]Armament×2（替换）,,,,high,Divider between the two lines is the base/replacement separator. Badge 'Friendly+' with trailing plus.
c1:6410,c1,6410,铁匠铺,SMITHY,resource-only,full,Armament ×1；Friendly+（+1 或更好） → Armament ×2,Armament×1,[Friendly+]Armament×2（替换）,,,,high,Text identical to the other Smithy copy; badge 'Friendly+' with trailing plus.
c1:6411,c1,6411,军需库,WEAPONS CACHE,resource-only,full,Armament ×2；Denounced-（-2 或更差） → Armament ×1,Armament×2,[Denounced-]Armament×1（替换）,,,,high,Badge 'Denounced-' with trailing hyphen; the second line is the replacement branch.
c1:6412,c1,6412,废弃神龛,ABANDONED SHRINE,resource-only,full,Monument ×1；Friendly+（+1 或更好） → Monument ×2,Monument×1,[Friendly+]Monument×2（替换）,,,,high,Title wraps over two printed lines; badge 'Friendly+' with trailing plus.
c1:6413,c1,6413,废弃神龛,ABANDONED SHRINE,resource-only,full,Monument ×1；Friendly+（+1 或更好） → Monument ×2,Monument×1,[Friendly+]Monument×2（替换）,,,,high,Corner disc reads 19; code AB0088. Thin divider separates the base grant from the Friendly+ replacement. Badge prints 'Friendly+' with the plus at the right edge.
c1:6414,c1,6414,神殿废墟,TEMPLE RUINS,resource-plus,partial,Monument ×2,Monument×2,,[Denounced-] Chosen Argonaut gains +1 Ψ.,,,high,"Corner disc reads 3; code AB0089. The glyph after '+1' is a solid Greek psi (Ψ), kept verbatim. Badge lozenge prints 'Denounced-' with a trailing hyphen."
c1:6415,c1,6415,神殿废墟,TEMPLE RUINS,resource-plus,partial,Monument ×2,Monument×2,,[Denounced-] Chosen Argonaut gains +1 Ψ.,,,high,Corner disc reads 9; code AB0090. Panel wording is identical to 6414; the stat glyph is again a solid Greek psi (Ψ). Badge 'Denounced-' with trailing hyphen.
c1:6416,c1,6416,泰坦,TITAN,none,none,,,,Gain +1 Titan. / [Friendly+] Chosen Argonaut gains +1 Ω.,,,high,"Corner disc reads 28; code AB0091. 'Gain +1 Titan.' is a track gain, not one of the Argo resources, so it sits in otherEffects. Stat glyph is Greek omega (Ω)."
c1:6417,c1,6417,废弃舰队,ABANDONED FLEET,resource-plus,partial,Trireme ×3,Trireme×3,,[Denounced-] Gain +1 ICON(black emblem: two triangles flanking a central downward teardrop).,,,medium,"Corner disc prints old-style 'IO' = 10; code AB0092. The Denounced grant is an icon-only symbol that matches none of the app's resource icons, so its resource name is unreadable."
c1:6418,c1,6418,旧兵工厂,OLD ARMORY,resource-only,full,Armament ×3；Allied（+2 或更好） → Armament ×4,Armament×3,[Allied]Armament×4（替换）,,,,high,Corner disc prints old-style 'II' = 11; code AB0093. Divider separates the base grant from the Allied 'instead' replacement; badge reads plain 'Allied' with no sign.
c1:6419,c1,6419,隐秘神殿,HIDDEN TEMPLE,resource-plus,partial,Monument ×3,Monument×3,,"[Denounced-] Gain +1 ICON(black triangle enclosing a white skull, small point beneath).",,,medium,"Corner disc reads 12; code AB0094. The Denounced grant is an icon-only symbol (triangle with skull) that matches none of the app's resource icons, so its name is unreadable."
c1:6420,c1,6420,废弃舰队,ABANDONED FLEET,resource-plus,partial,Trireme ×3,Trireme×3,,[At War] Lose -1 Titan.,,,high,"Badge lozenge reads 'At War'; the conditioned line loses a Titan instead of granting a resource. Disc 14, code AB0095."
c1:6421,c1,6421,亵渎神殿,DESECRATED TEMPLE,resource-plus,partial,Monument ×2,Monument×2,,[Denounced-] Gain +1 ICON(robed figure - Priest).,,,medium,"Second line prints a small robed-figure icon, not a word; read as the Priest resource icon (same glyph as c1:6419, whose sibling c1:6426 spells out 'gain +1 Priest')."
c1:6422,c1,6422,造船厂,SHIPYARD,resource-plus,partial,Trireme ×4,Trireme×4,,[Denounced-] Chosen Argonaut gains +1 A.,,,high,Badge 'Denounced-' with trailing hyphen; 'A.' is the printed Argonaut glyph. Divider is the base/conditioned separator.
c1:6423,c1,6423,造船厂,SHIPYARD,resource-plus,partial,Trireme ×4,Trireme×4,,[Denounced-] Chosen Argonaut gains +1 A.,,,high,"Text identical to the other Shipyard copy (c1:6422); badge 'Denounced-', disc 27, code AB0098."
c1:6424,c1,6424,军需库,WEAPONS CACHE,resource-plus,partial,Armament ×3,Armament×3,,[Denounced-] Chosen Argonaut gains +1 A.,,,high,"Badge 'Denounced-' with trailing hyphen; 'A.' is the printed Argonaut glyph. Code reads AB0099, disc 15."
c1:6425,c1,6425,亵渎神殿,DESECRATED TEMPLE,resource-plus,partial,Monument ×3,Monument×3,,[Denounced-] Gain +1 ICON(robed figure - Priest).,,,medium,"Second line prints the robed-figure (Priest) icon rather than a word; same glyph as c1:6421. Base amount 3, disc 18, code AB0100."
c1:6426,c1,6426,隐秘神殿,HIDDEN TEMPLE,resource-plus,partial,Monument ×4,Monument×4,,You may gain +3 ICON(inverted triangle - Despair token) to gain +1 Priest.,,,medium,"Glyph after +3 is the inverted-triangle Despair-token symbol (cf. c1:6417; Chinese c1:6401 glosses it 绝望指示物). +1 Priest is optional, gated on taking the 3 Despair."
c1:6427,c1,6427,埃及战争舰队,EGYPTIAN WAR FLEET,resource-plus,partial,Trireme ×5,Trireme×5,,[Allied] Lose -1 Titan.,,,medium,"Conditioned line ends in the dark Titan glyph (three-point/crown symbol), not a printed word; read as Titan. Disc 24, code AB0102."
c1:6428,c1,6428,埃及战争舰队,EGYPTIAN WAR FLEET,resource-plus,partial,Trireme ×6,Trireme×6,,[Allied] Lose -1 Titan.,,,medium,"Same text as c1:6427 with amount 6; 'Lose -1' followed by the Titan glyph. Disc 20, code AB0103."
c1:6429,c1,6429,旧兵工厂,OLD ARMORY,resource-plus,partial,Monument ×5,Monument×5,,[At War] Lose -1 ICON(disc-with-emblem glyph).,,,medium,"At War line ends in an unresolved glyph: solid black disc with a pale emblem (same glyph as c1:6401 Allied gain / At War loss), not the Titan glyph. Disc 25, code AB0104."
c1:6430,c1,6430,青铜人兵工厂,BRONZE PEOPLE ARMORY,resource-plus,partial,Armament ×5,Armament×5,,[Allied] Gain +1 ICON(open book with a flame above it) (once until the next Timeline Battle).,,,medium,"Unresolved glyph after 'Gain +1': an open book with a flame rising from it; the timing clause '(once until the next Timeline Battle)' follows it. Disc 21, code AB0105."
c1:6431,c1,6431,大型神殿废墟,GRAND TEMPLE RUINS,resource-plus,partial,Monument ×5,Monument×5,,[Allied] Gain +1 Titan.,,,medium,"Allied line ends in the dark Titan glyph (same three-point symbol as c1:6427). Titan is not one of the printed resource names, so it is kept in otherEffects. Disc 26, code AB0106."
c1:6433,c1,6433,未驯服的泰坦,UNTAMED TITAN,none,none,,,,Gain +1 Titan. / [Friendly+] Chosen Argonaut gains +1 Ω.,,,high,"Second line's glyph is a capital omega (Ω), identical to card AB0091 TITAN; transcribed as printed. No corner disc; code AB0108."
c1:6434,c1,6434,百臂陷阱,HEKATRAP,none,none,,,,"At the end of this Exploration Step, resolve an Ambush Battle (Cycle I Storybook, p. / [ICON(Titan symbol)/8+] At the start of this battle, Escalate 1.",,,medium,Badge is a two-cell lozenge: picture glyph (pale Titan symbol on dark) then '8+'. Italic 'Remove from the deck permanently.' (永久移出卡组) sits below the panel. No disc; AB0109.
c1:6435,c1,6435,线人网络,INFORMANT NETWORK,none,none,,,,Gain +1 ICON(black triangle with pale emblem). / Roll a d10. / [Allied] On 8+ gain +1 ICON(book with flame).,,,medium,"Panel text fully legible. Both grants print only symbols, no resource name; 2nd grant also needs a d10 roll of 8+. Removal line is printed below the panel."
c1:6436,c1,6436,咯咯笑,CACKLE,none,none,,,,[ICON(black hexagon with triangle-hook glyph)/8+] Resolve an additional Cackle.,,,medium,The resolved item is printed as a circular ring enclosing a dark beast emblem; card title and artwork (CACKLE) identify it as Cackle. Badge = hexagon symbol plus '8+'.
c1:6437,c1,6437,迷宫朝圣者,MAZE PILGRIM,none,none,,,,"Gain +1 ICON(hooded figure) (If on a ICON(labyrinth diamond) Map Tile: gain +2 ICON(hooded figure) instead). / If you then have 3+ ICON(hooded figure), see 0014 in the Fated Conundrum hub. / [ICON(black hexagon with triangle-hook glyph)/5+] Gain 1 additional ICON(hooded figure). / [ICON(black hexagon with triangle-hook glyph)/7+] Random Argonaut gains 1 Despair token.",,,medium,"Line 1 is one sentence printed on two rows; its 'instead' branch is conditioned by the Map Tile icon, not by a badge lozenge. Granted resource is a hooded-figure symbol only."
c1:6438,c1,6438,迷宫风暴,MAZE STORM,none,none,,,,Gain +1 ICON(black triangle with white skull). / [ICON(black hexagon with triangle-hook glyph)/7+] Gain +2 ICON(black triangle with white skull) instead.,,,medium,Divider inside the panel separates the base grant from the replacement. Grant is a symbol only (black triangle enclosing a white skull); no resource name printed.
c1:6439,c1,6439,招聘活动,RECRUITMENT DRIVE,none,none,,,,Gain +1 ICON(crossed oars). / [Allied] Lose -1 ICON(black triangle with white hook).,,,medium,Both quantities are printed as symbols: two crossed oar/weapon shapes (gain) and a black triangle enclosing a white hook (loss). Removal text below the panel reads 'permanently'.
c1:6440,c1,6440,迷宫之心,HEART OF THE MAZE,none,none,,,,"You're ambushed by the Temenos itself! / At the end of this Exploration Step, resolve a Temenos Battle (note Special Aftermath 0006). / [ICON(black hexagon with triangle-hook glyph)/8+] At the start of this battle, Escalate 1.",,,high,First entry is a single sentence printed across five rows. Badge is a hexagon symbol plus '8+'. No resource gains; removal text below the panel says permanently.
c1:8201,c1,8201,忒修斯的宝藏,THESEUS'S CACHE,resource-plus,partial,Trireme ×9；Monument ×6；Armament ×3,Trireme×9 / Monument×6 / Armament×3,,[Allied] Gain +1 ICON(book with flame).,,,medium,Secret card: black band at the very bottom reads 'EXPLORATION SECRET CARD 5'. Base resources are spelled out in words; the Allied bonus resource is a symbol only.
c1:13400,c1,13400,底比斯商人,THEBAN TRADER,none,none,,,,Trading: You may exchange (up to 5 times): / 3 Trireme » 1 Monument / 4 Trireme » 1 Armament / 1 Monument » 1 Trireme / 1 Armament » 2 Trireme / 1 Muscle Cluster or 1 Infused Mechanism » 2 Raw Ambrosia / 1 Calcified Knuckle Bone or 1 Fleshy Mantle » 3 Raw Ambrosia / 4 Raw Ambrosia » 1 Muscle Cluster or 1 Infused Mechanism / 5 Raw Ambrosia » 1 Calcified Knuckle Bone or 1 Fleshy Mantle / [Friendly+] 选择并获得1个商人提供的凡间或始祖资源。,,,high,"Card art printed sideways; read from a 90-degree rotation. Exchange lines kept whole in otherEffects, with only their right-hand gain in resourceGains. No corner disc; Remove line is Chinese only."
c2:13600,c2,13600,吞域兽恐惧储存层,TEMENOS FEAR AQUIFER,resource-plus,partial,Fear Essence ×2,Fear Essence×2,,[ICON(black hexagon with white glyph)/5+] Gain +2 A as a group.,,,medium,"Badge = dark lozenge with an unresolved white pictogram plus '5+' (digit pixel-verified: top bar, left stroke, bowl). Stat glyph after '+2' is a crossbar-less lambda, kept as A."
c2:13601,c2,13601,末世前的兵工厂,PRE-ESCHATON ARMORY,resource-only,full,War Machine ×2；Friendly+（+1 或更好） → War Machine ×3,War Machine×2,[Friendly+]War Machine×3（替换）,,,,high,Thin divider separates the base grant from the 'Friendly+' replacement branch; 'instead' flagged. Badge lozenge prints 'Friendly+' with the plus attached.
c2:13602,c2,13602,阿瑞斯神殿,TEMPLE OF ARES,resource-plus,partial,Relief ×2,Relief×2,,[ICON(black hexagon with white glyph)/5+] Gain +1 Ψ as a group.,,,medium,Badge = dark lozenge with an unresolved white pictogram plus '5+' (digit pixel-verified). Stat glyph after '+1' is a solid Greek psi (Ψ).
c2:13603,c2,13603,吞域兽竖矿井,TEMENOS MINESHAFT,resource-plus,partial,Maze Fragment ×1；卡面图标条件（ICON(black hexagon with white glyph)/5+），需要人工确认 → Maze Fragment ×2,Maze Fragment×1,[ICON(black hexagon with white glyph)/5+]Maze Fragment×2（替换）,,,条件为图标，需人工确认：Gain 2 Maze Fragment resources instead. [ICON(black hexagon with white glyph)/5+],medium,Divider separates the base grant from the badge-conditioned 'instead' branch. Badge = dark lozenge with unresolved white pictogram plus '5+' (pixel-verified).
c2:13604,c2,13604,武器工坊,WEAPONS WORKSHOP,resource-only,full,War Machine ×1；Friendly+（+1 或更好） → War Machine ×2,War Machine×1,[Friendly+]War Machine×2（替换）,,,,high,"Divider separates base grant from the 'Friendly+' replacement; 'instead' flagged. Corner disc reads 5, code BB1215."
c2:13605,c2,13605,阿瑞斯神龛,SHRINE TO ARES,resource-only,full,Relief ×1；Friendly+（+1 或更好） → Relief ×2,Relief×1,[Friendly+]Relief×2（替换）,,,,high,Badge 'Friendly+' with trailing plus; divider separates the base grant from the replacement branch.
c2:13606,c2,13606,吞域兽矿藏,TEMENOS PIT,resource-plus,partial,Maze Fragment ×2,Maze Fragment×2,,[ICON(black hexagon with white glyph)/4+] Gain +1 A as a group.,,,medium,"Badge = dark lozenge with unresolved white pictogram plus '4+' (digit pixel-verified: diagonal, crossbar, stem). Stat glyph after '+1' is crossbar-less lambda, kept as A."
c2:13607,c2,13607,吞域兽竖矿井,Temenos Mineshaft,resource-plus,partial,Maze Fragment ×1；卡面图标条件（ICON(figure)/5+），需要人工确认 → Maze Fragment ×2,Maze Fragment×1,[ICON(figure)/5+]Maze Fragment×2（替换）,,,条件为图标，需人工确认：Gain 2 Maze Fragment resources instead. [ICON(figure)/5+],high,"Badge is two dark lozenges joined by a slash: white human-figure pictogram + '5+'. Chinese title glyphs tiny, best-effort reading."
c2:13608,c2,13608,阿瑞斯神殿,Temple of Ares,resource-plus,partial,Relief ×2,Relief×2,,[ICON(figure)/5+] Gain +1 Ψ as a group.,,,high,Badge = figure pictogram + '5+' lozenge. Second line symbol is a bold Ψ-like glyph (read as Ψ).
c2:13609,c2,13609,斯巴达残骸,Spartan Wreckage,resource-plus,partial,War Trireme ×4,War Trireme×4,,[ICON(figure)/3+] Gain +1 A as a group.,,,high,Badge = figure pictogram + '3+' lozenge. Corner disc shows 'IO' = 10 in the card's numeral font; bold 'A' glyph in second line.
c2:13610,c2,13610,代达罗斯实验室,Daedalus Laboratory,resource-only,full,War Machine ×3；Allied（+2 或更好） → War Machine ×4,War Machine×3,[Allied]War Machine×4（替换）,,,,high,Badge word clearly 'Allied' in white on dark lozenge. Corner disc 'II' = 11 in the card's numeral font.
c2:13611,c2,13611,独眼巨人的许珀里翁神殿,Cyclopean Temple of Hyperion,resource-plus,partial,Relief ×3,Relief×3,,[ICON(figure)/6+] 获得1个独眼巨人牙齿稀有资源。,,,medium,Second line is printed in Chinese (Gain 1 Cyclops Tooth rare resource); resource name given in English. Badge numeral read as '6+'. Corner 'I2' = 12.
c2:13612,c2,13612,吞域兽恐惧储存层,Temenos Fear Aquifer,resource-plus,partial,Fear Essence ×2,Fear Essence×2,,[ICON(figure)/5+] Gain +2 A as a group.,,,high,"Badge = figure pictogram + '5+' lozenge. Bold 'A' glyph in second line. Chinese title glyphs small, best-effort reading."
c2:13613,c2,13613,帕里罗亚战船,Palirroia Trireme,resource-plus,partial,War Trireme ×3,War Trireme×3,,[ICON(figure)/4+] Lose -1 Titan.,,,high,Badge = figure pictogram + '4+' lozenge. Corner 'I4' = 14 in the card's numeral font.
c2:13614,c2,13614,代达罗斯实验室,Daedalus Laboratory,resource-plus,partial,War Machine ×3,War Machine×3,,[ICON(figure)/3+] Gain +1 A as a group.,,,high,"Badge = two dark lozenges: white figure pictogram + '3+'. Bold italic 'A' glyph in the group line. Code BB1233, disc 15."
c2:13615,c2,13615,独眼巨人的伊阿珀托斯神殿,Cyclopean Temple of Iapetus,resource-plus,partial,Relief ×4,Relief×4,,[ICON(figure)/Allied] Gain +1 ICON(book-with-flame glyph) (once until the next Timeline Battle).,,,medium,"Badge = figure-pictogram lozenge joined to an 'Allied' lozenge. Glyph after '+1' unresolved: small dark shape with a pale flame, resembling c1:6430's book-with-flame icon. Disc 16, BB1232."
c2:13616,c2,13616,斯巴达战船,Spartan Trireme,resource-plus,partial,War Trireme ×5,War Trireme×5,,[Allied] Lose -1 Titan.,,,high,"'Lose -1' ends in the dark Titan glyph (solid shape with a pale V-notch), read as Titan per the c1/c2 convention. Badge word 'Allied'. Code BB1238, disc 17."
c2:13617,c2,13617,独眼巨人的盖亚神殿,Cyclopean Temple of Gaia,resource-plus,partial,Relief ×5,Relief×5,,[ICON(figure)/7+] Lose -3 Titan.,,,high,"Badge = figure pictogram + '7+' lozenge (numeral small, read as 7). 'Lose -3' ends in the dark Titan glyph. Code BB1235, disc 18."
c2:13618,c2,13618,阿瑞斯神龛,Shrine to Ares,resource-only,full,Relief ×1；Friendly+（+1 或更好） → Relief ×2,Relief×1,[Friendly+]Relief×2（替换）,,,,high,"Badge prints 'Friendly+' with a trailing plus; thin divider separates the base grant from the replacement branch. Code BB1218, disc 19."
c2:13619,c2,13619,马拉松级战船,Marathonian-Class Trireme,resource-plus,partial,War Trireme ×6,War Trireme×6,,[ICON(figure)/6+] Gain +1 A as a group.,,,high,"Badge = figure pictogram + '6+' lozenge. Chinese title last glyph read as 船 (matches the deck's 战船 wording). Bold 'A' glyph. Code BB1234, disc 20."
c2:13620,c2,13620,青铜人铸造厂,Bronze People Foundry,resource-only,full,War Machine ×5；Allied（+2 或更好） → War Machine ×6,War Machine×5,[Allied]War Machine×6（替换）,,,,high,"Badge word clearly 'Allied'; thin divider separates the base grant from the 'instead' branch. Code BB1237, disc 21."
c2:13621,c2,13621,独眼巨人的许珀里翁神龛,Cyclopean Shrine of Hyperion,resource-plus,partial,Relief ×2；卡面图标条件（ICON(figure)/5+），需要人工确认 → Relief ×3,Relief×2,[ICON(figure)/5+]Relief×3（替换）,,,条件为图标，需人工确认：Gain 3 Relief resources instead. [ICON(figure)/5+],high,Dark lozenge holds a tiny pale figure pictograph plus the readable text '5+'; amounts 2/3 and the divider are clear.
c2:13622,c2,13622,吞域兽恐惧之源,Temenos Fear Spring,resource-plus,partial,Fear Essence ×1,Fear Essence×1,,[ICON(figure)/4+] Gain +1 A as a group.,,,high,Base line prints singular 'resource' as on the card. Bold stat glyph read as 'A' (could be lambda). Badge lozenge: tiny pale figure icon + '4+'.
c2:13623,c2,13623,独眼巨人的盖亚神殿,Cyclopean Temple of Gaia,resource-plus,partial,Relief ×5,Relief×5,,[ICON(figure)/Allied] Gain +1 ICON(large dark inverted-triangle glyph with pale inner marks).,,,medium,Trailing icon after '+1' (~30x26 px) not identified; OCR reads it as '&'/'ch'. Badge: small pale emblem lozenge + '/Allied'.
c2:13624,c2,13624,独眼巨人的伊阿珀托斯神龛,Cyclopean Shrine of Iapetus,resource-plus,partial,Relief ×3,Relief×3,,[ICON(figure)/4+] Lose -1 Titan.,,,high,"Conditioned line carries a resource loss, not a grant. Badge lozenge: tiny pale figure pictograph plus '4+'."
c2:13625,c2,13625,斯巴达残骸,Spartan Wreckage,resource-plus,partial,War Trireme ×4,War Trireme×4,,[ICON(figure)/3+] Lose -1 Titan.,,,high,Amount 4 and 'Lose -1 Titan.' fully legible; badge lozenge holds a tiny pale figure pictograph plus '3+'.
c2:13626,c2,13626,白色战船,White Trireme,resource-plus,partial,War Trireme ×2；卡面图标条件（ICON(figure)/5+），需要人工确认 → War Trireme ×3,War Trireme×2,[ICON(figure)/5+]War Trireme×3（替换）,,,条件为图标，需人工确认：Gain 3 War Trireme resources instead. [ICON(figure)/5+],high,Divider separates base grant from the instead branch; badge lozenge: tiny pale figure pictograph plus '5+'.
c2:13627,c2,13627,帕里罗亚战船,Palirroia Trireme,resource-plus,partial,War Trireme ×3；卡面图标条件（ICON(figure)/5+），需要人工确认 → War Trireme ×4,War Trireme×3,[ICON(figure)/5+]War Trireme×4（替换）,,,条件为图标，需人工确认：Gain 4 War Trireme resources instead. [ICON(figure)/5+],high,"Amounts 3 and 4 clear, 'instead' branch on the conditioned line; badge lozenge: tiny pale figure pictograph plus '5+'."
c2:13628,c2,13628,泰坦,Titan,none,none,,,,Gain +1 Titan. / [Friendly+] Gain +1 Ω as a group.,,,high,"Header prints TITAN. Titan and Ω gains kept as non-resource effects (no resource token named). Thin divider separates the base line from the Friendly+ line. Disc 31, code BB1221."
c2:13629,c2,13629,未驯服的泰坦,Untamed Titan,none,none,,,,Gain +1 Titan. / [Friendly+] Gain +1 Ω as a group.,,,high,"Header prints UNTAMED TITAN; panel wording identical to c2:13628. Divider above the Friendly+ line. Disc 32, code BB1222."
c2:13630,c2,13630,阿尔戈号引擎,Argo Engines,none,none,,,,"If you have 2+ ICON(small dark human figure), lose -1 ICON(solid black disc). / If this ability didn't trigger, gain +1 ICON(small dark human figure).",,,medium,"SABOTAGE: prefix above title, Chinese title below it. Panel letters clear, but the ~15px pictograms (dark figure, solid black disc) are unresolved. Disc 33, code BB1244."
c2:13631,c2,13631,山门,Propylon,none,none,,,,"如果你们有 1+ICON(small dark human figure)，随机选择你们的一个阿尔戈技能(AA)科技。 / 它被禁用！ / 在时间表当前10天后记下它的名称，作为事件。 / 在那一天的发展步骤，它被修复可用。 / If this ability didn't trigger, gain +1 ICON(small dark human figure).",,,medium,"SABOTAGE: prefix above title, Chinese title 山门 below it. Chinese panel read sentence by sentence; the 1+ check pictogram is an unresolved small dark figure. Disc 34, code BB1245."
c2:13632,c2,13632,三幅节系统,Triskelion System,none,none,,,,"If you have 1+ ICON(small dark human figure), lose -1 Titan. / If this ability didn't trigger, gain +1 ICON(small dark human figure).",,,high,"SABOTAGE: prefix above title, Chinese title below it. The loss is spelled out ('Titan'); only the small check pictogram (dark figure) is unresolved. Disc 35, code BB1246."
c2:13633,c2,13633,泰坦兵工厂,Titan Armory,none,none,,,,"If you have 2+ ICON(small dark human figure), permanently lose a random ICON(small dark emblem) card from the Argo Armory. / If this ability didn't trigger, gain +1 ICON(small dark human figure).",,,medium,"SABOTAGE: prefix above title, Chinese title below it. Icon before 'card from the Argo Armory' is an unresolved small dark emblem. Disc 36, code BB1247."
c2:13634,c2,13634,克里普提 暗杀行动,Krypteia Assassination Attempt,none,none,,,,如果你们有 1+ICON(small dark human figure)，随机选择一名阿尔戈英雄获得本卡。 / 战斗期间：每当你掷出关键失手时，一名克里普提暗杀者攻击了同步浸池。 / 检定力量Fury(8+)。 / 失败：你的阿尔戈英雄死亡。 / 将本卡永久移出游戏并结算Rude Awakening特殊事件。 / [ICON(pale Ψ-glyph in dark pentagon) 8+ or ICON(pale figure in dark pentagon) 4+] Lose -1 ICON(dark crossed-blades glyph).,,,medium,"SABOTAGE: prefix above title; Chinese title printed as two blocks (克里普提 / 暗杀行动). Panel read fully; the 'Lose -1' pictogram (dark crossed blades) unresolved. Disc 37, code BB1248."
c2:13635,c2,13635,神浆泄漏,Ambrosia Spill,none,none,,,,根据你们的不稳定神浆资源数： / 0-15： 神浆团只是微微晃荡。 / 16-25： 神浆团四处乱窜，杀死了几名你的船员！ / 失去 -1 ICON(黑色交叉状图标)。 / 26+： 神浆团愤怒地攻击船体！ / 失去 -1 ICON(深色团块状图标) 并将你们的不稳定神浆资源数减半。 / [ICON(深色五边形内白色Ψ状符号) 8+ or ICON(深色五边形内白色动物剪影) 6+] ICON(深色五边形内白色Ψ状符号) 8+ or ICON(深色五边形内白色动物剪影) 6+ Gain +1 ICON(三角形轮廓内的小符号)。,,,medium,"Rules panel printed in Chinese, read clearly. The two loss glyphs and the 'Gain +1' resource glyph are ~20px icons that I could not resolve to letters."
c2:13636,c2,13636,黑色淤泥,Black Sludge,none,none,,,,随机确定一个方向。 / 在你们当前地图板块的所选方向侧边放置一枚 ICON(深色淤泥状指示物) 指示物。 / 所有从当前板块通往该方向的水路被封锁。 / 下一次定时战斗后弃置此 ICON(深色淤泥状指示物) 指示物。 / [ICON(深色五边形内白色Ψ状符号) 7+ or ICON(深色五边形内白色动物剪影) 6+] ICON(深色五边形内白色Ψ状符号) 7+ or ICON(深色五边形内白色动物剪影) 6+ Gain +1 ICON(三角形轮廓内的小符号)。,,,medium,"Chinese panel read clearly. Sludge marker glyph and the 'Gain +1' resource glyph are small icons; first lozenge threshold reads 7+, second 6+."
c2:13637,c2,13637,咯咯笑,Cackle,none,none,,,,[ICON(white Ψ-shaped glyph in dark pentagon) 8+] Resolve an additional ICON(black disc with white beast-head emblem).,,,high,"Badge lozenge carries an icon plus '8+', no word. In-text icon is a dark disc with a white emblem, not spelled out."
c2:13638,c2,13638,私人授课,Private Lesson,none,none,,,,"At the end of the current step, go to the Cruel Lesson Battle. / [ICON(white Ψ-shaped glyph in dark pentagon) 8+] At the start of this battle, Escalate 1.",,,high,Text fully legible; 'Cruel Lesson' printed in italics. Badge lozenge holds an icon plus '8+'. Removal line differs from the other cards.
c2:13639,c2,13639,道德侵蚀,Moral Erosion,none,none,,,,Gain +1 ICON(outlined triangle with small inner glyph) or lose -1 Humanity. / [ICON(white human figure in dark pentagon) 5+] Gain +1 ICON(solid dark inverted triangle with white Ψ glyph). / [ICON(white Ψ-shaped glyph in dark pentagon) 6+] Gain +1 ICON(solid dark inverted triangle with white Ψ glyph).,,,medium,"Wording and numbers clear; the resource glyphs are icons (outlined triangle vs solid inverted triangle) I could not resolve to names. Badge icons: figure 5+, Ψ 6+."
c2:13640,c2,13640,走私者,Smugglers,none,none,,,,Trading: You may exchange (up to 5 times): / 3 War Trireme » 1 Relief / 4 War Trireme » 1 War Machine / 1 Relief » 1 War Trireme / 1 War Machine » 2 War Trireme / 1 Cyclopean Metal or Chimeric Tar » 2 Violent Ambrosia / 1 Black Chain or Supersolid Relief Mass » 3 Violent Ambrosia / 4 Violent Ambrosia » 1 Cyclopean Metal or Chimeric Tar / 5 Violent Ambrosia » 1 Black Chain or Supersolid Relief Mass,,,medium,"Card image is rotated 90°; all nine lines read after rotating. These are two-way trades, so nothing was listed as a plain resource gain."
c2:13641,c2,13641,间谍网络,Spy Network,none,none,,,,Gain +1 ICON(dark banner-shaped glyph). / Roll a d10. / [Allied] On 8+ gain +1 ICON(dark structure-with-cross glyph).,,,medium,"Badge lozenge reads 'Allied' clearly. Both resource glyphs are small dark icons (banner-like, structure-like) that I could not resolve to printed names."
c3:13500,c3,13500,深渊聆听,Abyss Listens,resource-plus,partial,Skin of Malice ×2,Skin of Malice×2,,[Denounced-] Gain +1 Λ as a group.,,,high,"Disc numeral is a serif 'I' (looks like Roman I), unlike the arabic digits on neighbouring cards. Bold glyph in '+1 Λ' reads as lambda/A."
c3:13501,c3,13501,末世前的铸造厂,Pre-Eschaton Foundry,resource-only,full,Daedalus Makina ×2；Denounced-（-2 或更差） → Daedalus Makina ×1,Daedalus Makina×2,[Denounced-]Daedalus Makina×1（替换）,,,,high,Single-line base effect; badge lozenge reads 'Denounced-' clearly.
c3:13502,c3,13502,赫利俄斯神殿,Temple of Helios,resource-plus,partial,Sirenshell ×2,Sirenshell×2,,[Denounced-] Gain +1 Ψ as a group.,,,high,Second symbol is a bold trident-like glyph read as Ψ (psi). Badge 'Denounced-'.
c3:13503,c3,13503,深渊诉说,Abyss Speaks,resource-only,full,Living Abyss ×2；Friendly+（+1 或更好） → Living Abyss ×3,Living Abyss×2,[Friendly+]Living Abyss×3（替换）,,,,high,Badge printed 'Friendly+' with trailing plus; amounts 2 and 3 clear.
c3:13504,c3,13504,隐秘工坊,Hidden Workshop,resource-only,full,Daedalus Makina ×1；Friendly+（+1 或更好） → Daedalus Makina ×2,Daedalus Makina×1,[Friendly+]Daedalus Makina×2（替换）,,,,high,"Singular 'resource' on base line, plural on the instead line, as printed."
c3:13505,c3,13505,赫利俄斯神龛,Shrine to Helios,resource-only,full,Sirenshell ×1；Friendly+（+1 或更好） → Sirenshell ×2,Sirenshell×1,[Friendly+]Sirenshell×2（替换）,,,,high,Both lines fully legible; badge 'Friendly+'.
c3:13506,c3,13506,深渊命令,Abyss Commands,resource-plus,partial,Living Abyss ×2,Living Abyss×2,,[Denounced-] Gain +1 Ω as a group. / [Denounced-] Gain as many Λ as a group as you have total Ω as a group.,,,high,"Both sentences follow the single 'Denounced-' lozenge, so the badge is carried onto each; bold Λ glyph read as lambda/A, Ω clear."
c3:13507,c3,13507,深渊低语,ABYSS WHISPERS,resource-only,full,Living Abyss ×1；Friendly+（+1 或更好） → Living Abyss ×2,Living Abyss×1,[Friendly+]Living Abyss×2（替换）,,,,high,"Badge lozenge prints 'Friendly+' with the plus attached at its right edge; thin divider separates the base grant from the replacement. Disc 8, code CB1637."
c3:13508,c3,13508,赫利俄斯神殿,TEMPLE OF HELIOS,resource-plus,partial,Sirenshell ×2,Sirenshell×2,,[Denounced-] Gain +1 Ψ as a group.,,,high,"Conditioned line's glyph after '+1' is a solid Greek psi (Ψ), kept verbatim; not a resource name. Badge 'Denounced-' with trailing hyphen. Disc 9, code CB1647."
c3:13509,c3,13509,冻土人废墟,HYPERBOREAN RUINS,resource-plus,partial,Hyperborean Alloy ×2,Hyperborean Alloy×2,,[Denounced-] Gain +1 A as a group.,,,high,"Stat glyph after '+1' is a bold crossbar-less A-like symbol, read as A (agrees with the OCR baseline 'Gain +1 A as a group.'). Badge 'Denounced-'. Disc prints I+O style '10'; code CB1666."
c3:13510,c3,13510,代达罗斯考古工坊,DAEDALUS ARCHARTIFICERY,resource-plus,partial,Daedalus Makina ×3,Daedalus Makina×3,,[Allied] Gain +1 ICON(open book with a flame above it) (once until the next Timeline Battle).,,,medium,"Pictogram after '+1' is small: dark book/monument-like glyph, unresolved; read as the c1:6430 glyph (same template). Disc prints II style '11'; code CB1669."
c3:13511,c3,13511,塞壬的许珀里翁神殿,SIREN TEMPLE OF HYPERION,resource-only,full,Sirenshell ×3；Allied（+2 或更好） → Antedeluvian Sirenshell Rare ×1,Sirenshell×3,[Allied]Antedeluvian Sirenshell Rare×1（追加）,,,,high,"Badge 'Allied'. Resource prints 'Antedeluvian' (as spelled on card). Chinese 3rd glyph is small (壬 vs 王) - read as 塞壬 (Siren). Disc 12, code CB1676."
c3:13512,c3,13512,深渊思虑,ABYSS CONTEMPLATES,resource-plus,partial,Skin of Malice ×1,Skin of Malice×1,,[Denounced-] Gain +1 A as a group.,,,high,Badge 'Denounced-'; the bold A-like stat glyph is identical in shape to the one on c3:13509. Disc prints I3 style '13'; code CB1641.
c3:13513,c3,13513,远古仓库,ANCIENT REPOSITORY,resource-plus,partial,Hyperborean Alloy ×3,Hyperborean Alloy×3,,[At War] Lose -1 Titan.,,,high,"Badge 'At War'; the conditioned line ends in the dark Titan glyph rather than a printed word, so it yields no resource. Disc 14, code CB1664."
c3:13514,c3,13514,远古仓库,Ancient Repository,resource-plus,partial,Hyperborean Alloy ×3,Hyperborean Alloy×3,,[At War] Lose -1 ICON(black disc-with-emblem glyph).,,,medium,"Badge 'At War' clear; the loss line ends in a small black picture glyph (round mass with pale emblem over a tapered base), not a printed word - same glyph the c1 batch logged as disc-with-emblem. Amount 3 and code CB1668 clear."
c3:13515,c3,13515,被遗忘的伊阿珀托斯神殿,Forgotten Temple of Iapetus,resource-plus,partial,Sirenshell ×2,Sirenshell×2,,[Allied] Place 1 ICON(black emblem glyph) on Inward Odyssey (once until the next Timeline Battle).,,,medium,"Badge 'Allied' clear. Token after 'Place 1' is a dark picture glyph (broad band tapering to a downward point), not a readable word; left as ICON. Wording 'Inward Odyssey (once until the next Timeline Battle)' legible."
c3:13516,c3,13516,冻土人图书馆,Hyperborean Library,resource-plus,partial,Hyperborean Alloy ×4,Hyperborean Alloy×4,,[Denounced-] Gain +1 Λ as a group.,,,high,"Bold stat glyph (apex with two straight diverging legs) is pixel-identical to the one c3:13500 prints for 'Gain +1 Λ as a group.', so read as Λ. Badge lozenge prints 'Denounced-' with trailing hyphen."
c3:13517,c3,13517,巨型赫利俄斯圆形神庙,Grand Tholos of Helios,resource-plus,partial,Sirenshell ×4,Sirenshell×4,,[Denounced-] Gain +1 ICON(black emblem glyph).,,,medium,"Stat glyph after '+1' is a picture symbol (pointed top splitting into splayed arms, tapering tail) - clearly not the Λ, Ψ or Ω glyphs, so not named. Badge 'Denounced-'."
c3:13518,c3,13518,赫利俄斯神龛,Shrine to Helios,resource-only,full,Sirenshell ×1；Friendly+（+1 或更好） → Sirenshell ×2,Sirenshell×1,[Friendly+]Sirenshell×2（替换）,,,,high,"Singular 'resource' on the base line, plural 'resources' on the instead line, both as printed. Badge 'Friendly+' with trailing plus; divider separates base from replacement."
c3:13519,c3,13519,冻土人图书馆,Hyperborean Library,resource-plus,partial,Hyperborean Alloy ×4,Hyperborean Alloy×4,,[Allied] Lose -1 ICON(black emblem glyph).,,,medium,"Badge 'Allied' clear. Loss target is the same dark picture glyph as on c3:13515/c3:13520 (broad band tapering to a downward point), not a word; left as ICON. Amount 4 and code CB1662 clear."
c3:13520,c3,13520,代达罗斯考古工坊,Daedalus Archartificery,resource-plus,partial,Daedalus Makina ×3,Daedalus Makina×3,,[Allied] Gain +1 ICON(black emblem glyph).,,,medium,"Badge 'Allied' clear. The '+1' target is the same dark picture glyph as on c3:13515/c3:13519, so it is not a printed resource name and sits in otherEffects. Amount 3 and code CB1670 clear."
c3:13521,c3,13521,巨型赫利俄斯神殿,GRAND TEMPLE OF HELIOS,resource-plus,partial,Sirenshell ×3,Sirenshell×3,,You may gain +3 ICON(black droplet/shield glyph with a white inverted triangle inside) to gain +1 Priest.,,,medium,"Line 2 is an optional 'you may' trade; its +3 is a small dark droplet/shield glyph (white triangle inside), not a word, so its resource name is unresolved."
c3:13522,c3,13522,深渊沉思,ABYSS CONTEMPLATES,resource-only,full,Skin of Malice ×1；Friendly+（+1 或更好） → Skin of Malice ×2,Skin of Malice×1,[Friendly+]Skin of Malice×2（替换）,,,,high,"Thin divider separates the base effect from the 'Friendly+' replacement branch. Code CB1640, disc 23."
c3:13523,c3,13523,毁坏的冻土人都市,RUINED HYPERBOREAN METROPOLIS,resource-plus,partial,Hyperborean Alloy ×5,Hyperborean Alloy×5,,[Allied] Lose -1 ICON(black droplet/shield glyph with a white inverted triangle inside).,,,medium,"Badge lozenge reads 'Allied'; the conditioned line is a loss, not a grant. Its glyph is a small dark droplet/shield - name unresolved."
c3:13524,c3,13524,青铜人实验室,BRONZE PEOPLE LABORATORY,resource-plus,partial,Daedalus Makina ×5,Daedalus Makina×5,,"[Denounced-] Gain +1 ICON(white outlined angular glyph, like a slanted bracket).",,,medium,"Badge 'Denounced-' with trailing hyphen. The conditioned +1 is a small outlined glyph, not a word; its shape/resource is unresolved."
c3:13525,c3,13525,冻土人的柯罗诺斯神殿,HYPERBOREAN TEMPLE OF CRONUS,resource-plus,partial,Sirenshell ×5,Sirenshell×5,,"[Denounced-] Gain +1 ICON(white outlined angular glyph, like a slanted bracket).",,,medium,"Same title as c3:13527; badge 'Denounced-'. The conditioned +1 is the same small outlined glyph as c3:13524, name unresolved."
c3:13526,c3,13526,飞空摇篮,SOARING CRADLE,resource-plus,partial,Hyperborean Alloy ×6,Hyperborean Alloy×6,,[Denounced-] Gain +1 ICON(black droplet/shield glyph with a white inverted triangle inside).,,,medium,"Six Hyperborean Alloy clearly printed; badge 'Denounced-' with trailing hyphen. The conditioned +1 glyph is a dark droplet/shield, name unresolved."
c3:13527,c3,13527,冻土人的柯罗诺斯神殿,HYPERBOREAN TEMPLE OF CRONUS,resource-only,full,Sirenshell ×5；Allied（+2 或更好） → Daedalus Makina ×1,Sirenshell×5,[Allied]Daedalus Makina×1（追加）,,,,high,"Same title as c3:13525 but disc 28 and code CB1667; badge 'Allied' clearly legible, no glyphs in the panel."
c3:13528,c3,13528,泰坦,TITAN,none,none,,,,Gain +1 Titan. / [Friendly+] Gain +1 Ω as a group.,,,high,"Thin divider separates the base line from the 'Friendly+' line. Titan and Ω are track gains, not Argo resources, so resourceGains is empty (as for c1:6416)."
c3:13529,c3,13529,未驯服的泰坦,UNTAMED TITAN,none,none,,,,Gain +1 Titan. / [Friendly+] Gain +1 Ω as a group.,,,high,Panel wording identical to c3:13528; disc 30 and code CB1649. Divider separates the base line from the 'Friendly+' line; both are track gains.
c3:13530,c3,13530,德尔菲人舰队,DELPHIAN FLEET,none,none,,,,Resolve an effect based on your Diplomacy with Delphians. / [Allied] Gain +1 ICON(pale outlined inverted-triangle glyph with a small inner emblem). / [Friendly] Gain +1 Titan. / [Neutral] Each Argonaut gains +1 A. / [Unfriendly] Gain +1 ICON(solid dark inverted triangle with a white inner glyph). / [Denounced] Lose -1 Titan. / [At War] Lose -1 ICON(black disc with white emblem). / [ICON(white glyph in dark lozenge)/7+] Random Argonaut gains 1 Fated Mnemos card.,,,medium,"All seven lozenges legible. Allied/Unfriendly/At War lines print small dark glyphs (outlined triangle, solid inverted triangle, black disc) whose names are unresolved; badge glyph tiny."
c3:13531,c3,13531,暮光探路者,TWILIGHT PATHFINDER,none,none,,,,Resolve an effect based on your Diplomacy with the Twilight Watch. / [Allied] Gain +1 ICON(small dark vessel glyph with pale interior). / [Friendly] Gain +1 Frozen Time. / [Neutral] Gain +1 ICON(solid dark inverted triangle with a white inner glyph). / [Unfriendly] Gain +1 ICON(outlined slanted angular glyph with white bars). / [Denounced] Gain +2 ICON(outlined slanted angular glyph with white bars). / [At War] Lose -1 ✕. / [ICON(white glyph in dark lozenge)/7+] Random Argonaut gains 1 Fated Mnemos card.,,,medium,Title printed on two lines (TWILIGHT / PATHFINDER). Allied and Neutral glyphs are two different dark shapes whose names are unresolved; badge inner glyph tiny.
c3:13532,c3,13532,赫利俄斯圣裁,HELIAN HOLY ADJUDICATORY,none,none,,,,Resolve an effect based on your Diplomacy with the Sunheirs. / [Allied] Gain +1 ✕ and +1 ICON(outlined slanted angular glyph with white bars). / [Friendly] Place 1 ICON(outlined slanted angular glyph with white bars) on Inward Odyssey. / [Neutral] Each Argonaut gains +1 Ψ. / [Unfriendly] Gain +1 ICON(solid dark inverted triangle with a white inner glyph). / [Denounced] Lose -1 ✕ or -1 ICON(black disc with white emblem). / [At War] Gain +1 ICON(pale outlined inverted-triangle glyph with a small inner emblem). / [ICON(white glyph in dark lozenge)/7+] Random Argonaut gains 1 Fated Mnemos card.,,,medium,"All seven lozenges legible; the Friendly line is a placement, not a grant. Small dark grant glyphs (slanted, solid triangle, pale triangle, disc) have unresolved names; badge inner glyph tiny."
c3:13533,c3,13533,咯咯笑,CACKLE,none,none,,,,[ICON(white glyph in dark lozenge)/8+] Resolve an additional ICON(black disc with white beast-head emblem).,,,medium,"No corner disc; code CB1651. Panel holds one badge-conditioned line; the badge's inner white glyph is tiny and unresolved, read as .../8+. Removal banner partly overlapped by the lower-right icon."
c3:13534,c3,13534,契诃夫的太阳,CHEKHOV'S SUN,none,none,,,,"[ICON(outlined slanted angular glyph with white bars)/3+] Lose -1 Frozen Time and either -1 ✕ or -1 ICON(black disc with white emblem). / [ICON(outlined slanted angular glyph with white bars)/3+] If this ability didn't trigger, gain +1 ICON(outlined slanted angular glyph with white bars). / [ICON(outlined slanted angular glyph with white bars)/4+] 有2张回忆卡且回忆节点总数最多的一名阿尔戈英雄将它的回忆卡节点数量互相交换。 / [ICON(outlined slanted angular glyph with white bars)/4+] 在之后的故事步骤中结算因此导致的回忆突破。",,,medium,"No corner disc; code CB1657. Two badge-conditioned blocks (3+ and 4+); the Chinese block split into its two sentences. Badge and gain glyphs are tiny dark angular icons, names unresolved."
c3:13535,c3,13535,熵之拥抱,ENTROPY'S EMBRACE,none,none,,,,Each Argonaut gains as many Ψ and/or Α as you have ICON(outlined triangle glyph). / Then lose -2 ICON(outlined triangle glyph). / [ICON(white Ψ glyph in dark hexagon) 8+ or ICON(white Α glyph in dark hexagon) 4+] Lose -1 ICON(dark disc with a white emblem).,,,medium,Lozenges print Ψ 8+ and Α 4+. The lost resource is a small dark disc with a white emblem; the triangle glyph name is unresolved. No corner disc.
c3:13536,c3,13536,快进,FAST-FORWARDED,none,none,,,,"[ICON(white triangle glyph in dark hexagon) 3+] Lose -2 ICON(outlined triangle glyph) and gain +1 Α. / If this ability didn't trigger, gain +1 ICON(outlined triangle glyph) and remove this card until the next Timeline Battle. / [ICON(white Ψ glyph in dark hexagon) 6+ or ICON(white triangle glyph in dark hexagon) 4+] 改为移出卡组直到下一次定时战斗",,,medium,"Panel badge lozenge prints the triangle glyph plus 3+. Bottom removal block is Chinese only: permanent, with a 'Ψ 6+ or triangle 4+' instead branch."
c3:13537,c3,13537,努比亚商人,NUBIAN TRADERS,none,none,,,,Trading: You may exchange (up to 5 times): / 3 Hyperborean Alloy » 1 Sirenshell / 4 Hyperborean Alloy » 1 Daedalus Makina / 1 Sirenshell » 1 Hyperborean Alloy / 1 Daedalus Makina » 2 Hyperborean Alloy / 1 Clothflesh or Razorclaw » 2 Frozen Ambrosia / 1 Eyecluster or Icarian Feather » 3 Frozen Ambrosia / 4 Frozen Ambrosia » 1 Clothflesh or Razorclaw / 5 Frozen Ambrosia » 1 Eyecluster or Icarian Feather,,,high,"Card printed sideways (title runs vertically); read after a 90 degree rotation. All nine panel lines have no badge lozenge. Two-way trades, so only each line's right-hand resource is listed as a gain."
c3:13538,c3,13538,倒带,REWOUND,none,none,,,,"[ICON(white triangle glyph in dark hexagon) 3+] Lose -1 ICON(outlined triangle glyph) and return to the previous tile (treat this tile as explored). / If this ability didn't trigger, gain +1 ICON(outlined triangle glyph) and remove this card until the next Timeline Battle. / [ICON(white Ψ glyph in dark hexagon) 5+ or ICON(white triangle glyph in dark hexagon) 5+] 改为移出卡组直到下一次定时战斗",,,medium,"Panel badge prints the triangle glyph plus 3+. Bottom Chinese-only block: permanent removal, instead branch conditioned on 'Ψ 5+ or triangle 5+'. Glyph names unresolved."
c3:13539,c3,13539,间谍网络,SPY NETWORK,none,none,,,,Gain +1 ICON(dark banner-shaped glyph). / Roll a d10. / [Allied] On 8+ gain +1 ICON(dark structure-with-cross glyph).,,,medium,"Badge lozenge clearly reads 'Allied'. Both resources are small dark icons (banner-like and a structure/fortress with a cross), no printed names."
c3:13540,c3,13540,轮回收紧,TIGHTENING THE LOOP,none,none,,,,"[ICON(white triangle glyph in dark hexagon) 3+] Lose -2 ICON(outlined triangle glyph) and lower your Loop Length by 1. / If this ability didn't trigger, gain +1 ICON(outlined triangle glyph) and remove this card until the next Timeline Battle. / [ICON(white Ψ glyph in dark hexagon) 7+ or ICON(white triangle glyph in dark hexagon) 7+] 改为移出卡组直到下一次定时战斗",,,medium,Panel badge prints the triangle glyph plus 3+; bottom instead branch reads 'Ψ 7+ or triangle 7+'. Both thresholds and the Loop Length wording are clear.
c3:13541,c3,13541,明日边缘,TOMORROW'S EDGE,none,none,,,,"If on a ICON(sun with rays) Map Tile: Gain +1 ICON(outlined triangle glyph). / [ICON(white triangle glyph in dark hexagon) 3+] See the Tomorrow's Edge special event. / If this ability didn't trigger, gain +1 ICON(outlined triangle glyph) and remove this card until the next Timeline Battle. / [ICON(white Ψ glyph in dark hexagon) 7+] 改为移出卡组直到下一次定时战斗",,,medium,"Panel badge prints the triangle glyph plus 3+; the bottom instead branch carries a single lozenge, Ψ 7+, followed by 改为. 'Tomorrow's Edge' is set in italics on the card."
c4:9300,c4,9300,,IREM METROPOLIS RUINS,resource-plus,partial,Babylonian Contraption ×5,Babylonian Contraption×5,,[At War] Lose -1 ICON(dark round glyph with a pale inner mark).,,,medium,"Disc 25, code DB2145. The At War clause's loss target is an icon-only dark round glyph (pale inner marks); no resource name is printed. 5 and all words clear."
c4:9301,c4,9301,,CLOUD THIEVES SKYSHIP,resource-plus,partial,Cursed Derelict ×5,Cursed Derelict×5,,[Allied] Lose -1 Titan.,,,medium,"Disc 24, code DB2144. The Allied clause ends in the Titan glyph, pixel-identical to the c1 'Lose -1 Titan.' glyph; no word printed. Amount 5 clear."
c4:9302,c4,9302,,FORLORN BURIED PORT,resource-plus,partial,Cursed Derelict ×4,Cursed Derelict×4,,[Allied] Lose -1 Titan.,,,medium,"Disc 20, code DB2143. Same wording as c4:9301 but amount 4; Allied clause again ends in the unlabelled Titan glyph."
c4:9303,c4,9303,,BURIED PERSIAN CITY,resource-plus,partial,Imperial Scroll ×3,Imperial Scroll×3,,You may gain +1 ICON(dark droplet/shield glyph with a pale inner mark) to gain +1 Priest.,,,medium,"Disc 16, code DB2142. Second sentence is the optional 'you may' trade (prints over two lines) and carries no badge; its +1 target is an icon-only glyph, name unresolved."
c4:9304,c4,9304,,SCORCHED PERSIAN CITY,resource-plus,partial,Imperial Scroll ×4,Imperial Scroll×4,,[Denounced-] Gain +1 ICON(dark droplet/shield glyph with a pale inner mark).,,,medium,"Disc 18, code DB2141. Denounced- clause grants +1 of the same icon-only droplet glyph as c4:9303; no printed resource name. Amount 4 clear."
c4:9305,c4,9305,,IREM METROPOLIS OUTSKIRTS,resource-plus,partial,Babylonian Contraption ×2,Babylonian Contraption×2,,[Denounced-] Random Argonaut gains a random Curse Affliction.,,,high,"Disc 15, code DB2140. All words and the amount 2 are clear; badge prints 'Denounced-' with a trailing hyphen; panel contains no picture glyphs."
c4:9306,c4,9306,,FORLORN BURIED PORT,resource-plus,partial,Cursed Derelict ×4,Cursed Derelict×4,,[Denounced-] Gain +3 Λ as a group.,,,medium,"Disc 17, code DB2139. 'as a group.' sits on the second printed line; the granted stat glyph is read as Λ (same sentence as sibling c4:9320 'Gain +3 Λ as a group.')."
c4:9307,c4,9307,,DOOMED PERSIAN CITY,resource-plus,partial,Imperial Scroll ×2,Imperial Scroll×2,,[Denounced-] Gain +3 Ψ as a group.,,,high,No Chinese title. Second grant prints a psi glyph (Ψ) instead of an English resource name; badge 'Denounced-' with trailing minus. Divider between the two lines.
c4:9308,c4,9308,,ABANDONED DERELICT,resource-only,full,Cursed Derelict ×2；Friendly+（+1 或更好） → Cursed Derelict ×3,Cursed Derelict×2,[Friendly+]Cursed Derelict×3（替换）,,,,high,No Chinese title. Badge reads 'Friendly+' (plus present); thin divider separates the base grant from the replacement branch.
c4:9309,c4,9309,,BEACHED FLEET,resource-plus,partial,Cursed Derelict ×3,Cursed Derelict×3,,[At War] Lose -1 Titan.,,,high,"No Chinese title. Badge 'At War' clear. Titan is a track loss, not an Argo resource, so it sits in otherEffects."
c4:9310,c4,9310,,BURIED PERSIAN CITY,resource-plus,partial,Imperial Scroll ×3,Imperial Scroll×3,,[Denounced-] Gain +1 Ψ.,,,medium,No Chinese title. Grant after '+1' is a tiny dark trident/psi-like token with no printed English name; read as Ψ. Digit 1 clear; badge 'Denounced-'.
c4:9311,c4,9311,,IREM METROPOLIS RUINS,resource-only,full,Babylonian Contraption ×3；Allied（+2 或更好） → Golden Bough Rare ×1,Babylonian Contraption×3,[Allied]Golden Bough Rare×1（追加）,,,,high,"No Chinese title. Badge reads 'Allied' (no +/- suffix). Corner disc prints two serif strokes, i.e. II = 11; code DB2134."
c4:9312,c4,9312,,BEACHED FLEET,resource-plus,partial,Cursed Derelict ×3,Cursed Derelict×3,,[Denounced-] Gain +1 Ψ.,,,medium,"No Chinese title. '+1' target is a small dark token with a pale trident/psi mark, no English name; read as Ψ. Disc prints I+O style 10; code DB2133."
c4:9313,c4,9313,,TITAN,none,none,,,,Gain +1 Titan. / [Friendly+] Gain +1 Ω as a group.,,,high,"No Chinese title. Second gain uses an omega glyph (Ω) as printed, conditioned on 'Friendly+', with 'as a group'; divider above it. Disc 36, code DB2132."
c4:9314,c4,9314,,DOOMED PERSIAN CITY,resource-plus,partial,Imperial Scroll ×2,Imperial Scroll×2,,[Denounced-] Gain +3 Ψ as a group.,,,high,Badge reads Denounced- (trailing minus tiny). Second grant prints a symbol glyph (Ψ) instead of an English resource name; no 'instead' word on card.
c4:9315,c4,9315,,DOOMED PERSIAN CITY,resource-plus,partial,Imperial Scroll ×2,Imperial Scroll×2,,[Denounced-] Gain +3 Ψ as a group.,,,high,Text identical to DB2131. Badge Denounced-; second grant prints symbol glyph (Ψ) rather than an English resource name.
c4:9316,c4,9316,,IMPERIAL OUTPOST,resource-only,full,Imperial Scroll ×1；Friendly+（+1 或更好） → Imperial Scroll ×2,Imperial Scroll×1,[Friendly+]Imperial Scroll×2（替换）,,,,high,Badge clearly Friendly+ (plus sign present). No Chinese title on card.
c4:9317,c4,9317,,IMPERIAL OUTPOST,resource-only,full,Imperial Scroll ×1；Friendly+（+1 或更好） → Imperial Scroll ×2,Imperial Scroll×1,[Friendly+]Imperial Scroll×2（替换）,,,,high,"Text identical to DB2129; badge Friendly+ legible, plus sign visible."
c4:9318,c4,9318,,BABYLONIAN COMPLEX,resource-only,full,Babylonian Contraption ×2；Denounced-（-2 或更差） → Babylonian Contraption ×1,Babylonian Contraption×2,[Denounced-]Babylonian Contraption×1（替换）,,,,high,Badge Denounced- (trailing dash small but present). All digits clear.
c4:9319,c4,9319,,BABYLONIAN RUINS,resource-only,full,Babylonian Contraption ×1；Friendly+（+1 或更好） → Babylonian Contraption ×2,Babylonian Contraption×1,[Friendly+]Babylonian Contraption×2（替换）,,,,high,Badge Friendly+ clearly legible; singular/plural as printed.
c4:9320,c4,9320,,SHATTERED THRONE FRAGMENT,resource-plus,partial,Burned-out Grace ×2,Burned-out Grace×2,,[Denounced-] Gain +3 Λ as a group.,,,high,Second grant prints a lambda-like glyph (Λ) rather than an English resource name; card has no 'instead'. Badge Denounced-.
c4:9321,c4,9321,,Shattered Throne Lump,resource-only,full,Burned-out Grace ×1；Friendly+（+1 或更好） → Burned-out Grace ×2,Burned-out Grace×1,[Friendly+]Burned-out Grace×2（替换）,,,,high,Whole panel read cleanly; badge 'Friendly+' clearly legible.
c4:9322,c4,9322,,Shattered Throne Fragment,resource-plus,partial,Burned-out Grace ×2；（未识别）ICON(small dark round ×1,Burned-out Grace×2,,,未在 c4 记录表资源表里找到：ICON(small dark round,,medium,"Badge 'Denounced-' clear. Second grant's resource is an unlabelled icon glyph, no printed name readable."
c4:9323,c4,9323,,Charred Steps,resource-plus,partial,Blackened Halo ×1；（未识别）ICON(dark upended-V ×3,Blackened Halo×1,,,未在 c4 记录表资源表里找到：ICON(dark upended-V,,medium,Disc glyph reads as serif 'I' (may be numeral 1). Granted resource shown only as an icon glyph; 'as a group' split out.
c4:9324,c4,9324,,Charred Steps,resource-only,full,Blackened Halo ×1；Friendly+（+1 或更好） → Blackened Halo ×2,Blackened Halo×1,[Friendly+]Blackened Halo×2（替换）,,,,high,Panel fully legible; shares title with c4:9323 but has code DB2121.
c4:9325,c4,9325,,Charred Gateway,resource-only,full,Blackened Halo ×2；Friendly+（+1 或更好） → Blackened Halo ×3,Blackened Halo×2,[Friendly+]Blackened Halo×3（替换）,,,,high,Panel fully legible; amounts 2 and 3 certain.
c4:9326,c4,9326,,Mounting Imperial Pressure,none,none,,,,Do not gain any resources or Titans from this stack. / [ICON(white trident-like glyph on dark lozenge)/6+] Permanently remove a random Cycle IV Unique ICON(small black splatter-like card-type icon) you have in the Argo Armory from the game.,,,medium,Badge is a glyph lozenge plus '6+'; the glyph itself is not a readable word. Inline Unique-type icon also pictographic.
c4:9327,c4,9327,,Babelian Fata Morgana,none,none,,,,"You’re ambushed by the Babelian Lunacy! / At the end of this Exploration Step, resolve a Pandora Horizon Battle. / [ICON(white trident-like glyph on dark lozenge)/3+] At the start of this Battle, Escalate 1.",,,medium,No black disc numeral on this card. Badge glyph unreadable as a word (differs from the '3+' digit). Italic line sits outside the panel.
c4:9328,c4,9328,,Persian Trader,none,none,（未识别）ICON(small dark round ×1,,,Trading: You may exchange (up to 5 times): / 3 Cursed Derelict » 1 Imperial Scroll / 4 Cursed Derelict » 1 Babylonian Contraption / 1 Imperial Scroll » 1 Cursed Derelict / 1 Babylonian Contraption » 2 Cursed Derelict / 1 Cursed Bloatsack or 1 Wish Embryo » 2 Mutable Ambrosia / 1 Living Gold or 1 Old Irem Fragment » 3 Mutable Ambrosia / 4 Mutable Ambrosia » 1 Cursed Bloatsack or 1 Wish Embryo / 5 Mutable Ambrosia » 1 Living Gold or 1 Old Irem Fragment,未在 c4 记录表资源表里找到：ICON(small dark round,,medium,"Trade text fully legible; the Denounced- line grants an icon-only glyph (small dark round resource, no printed name)."
c4:9329,c4,9329,,Diminishing Returns,none,none,,,,"Lose 3 Cursed Derelict, 2 Imperial Scroll or 1 Babylonian Contraption resources. / [ICON(white glyph on dark lozenge)/3+] Lose 5 Cursed Derelict, 3 Imperial Scroll or 2 Babylonian Contraption resources instead. / If you can't lose the resources, gain +1 ICON(pale outlined triangle glyph) instead. / [ICON(white trident-like glyph on dark lozenge)/7+] Lose -1 ICON(small dark round resource glyph). / If you have 0 ICON(small dark round resource glyph) after resolving this card, remove this card from the deck permanently.",,,medium,"Badge lozenges tiny but thresholds read 3+ and 7+; the 3+ lozenge glyph is too small to identify, 7+ looks trident-like. Lost/gained targets are icon-only glyphs."
c4:9330,c4,9330,,Imperial Dues,none,none,（未识别）ICON(small dark round ×1,,,"If you have 3+ ICON(small dark round resource glyph), lose -2 ICON(small dark round resource glyph) and gain +1 ICON(pale outlined triangle glyph). / If you have 0 ICON(small dark round resource glyph) after resolving this card, remove this card from the deck permanently.",未在 c4 记录表资源表里找到：ICON(small dark round,,medium,"No badge lozenge. Threshold 3+, loss 2 and gain 1 are clear; the tracked and gained resources are icon-only glyphs (dark round; pale triangle)."
c4:9331,c4,9331,,The Storm Worsens,none,none,（未识别）ICON(small dark round ×1,,,"If you have 3+ ICON(small dark round resource glyph), lose -1 ICON(small dark round resource glyph) and randomly determine a sailable direction. / Place a Sandstorm marker on the corresponding side of your current Map tile. / Until a new Sandstorm marker is placed, movement in that direction from this tile is blocked. / During the next Movement Step, move the Argo in a random direction. / If you have 0 ICON(small dark round resource glyph) after resolving this card, remove this card from the deck permanently.",未在 c4 记录表资源表里找到：ICON(small dark round,,medium,"Text legible (""Argo"" italic). No badge lozenge; the 3+/lose/gain target is one icon-only dark round resource glyph."
c4:9332,c4,9332,,Season of Curses,none,none,,,,"Add a random Cursed Trait to the next Timeline Battle. / Then, a random Argonaut without a Curse Affliction gains a Curse Affliction. / [ICON(white trident-like glyph on dark lozenge)/8+ or ICON(white Α-like glyph on dark lozenge)/4+] Lose -1 Titan. / [At War] Every Argonaut without a Curse Affliction instead.",,,medium,"Two lozenges read as glyph+8+ and glyph+4+ (glyphs tiny); 'At War' lozenge clear. Titan is a track loss, not an Argo resource."
c4:9333,c4,9333,,String Wish,none,none,（未识别）Cursed Derelict or 5 Imperial Scroll ×10；（未识别）ICON(small dark round ×1,,,"Then make 5 String Wish (Chosen Resources) marks. / If you draw this card when you have remaining String Wish marks, instead of gaining resources, lose 3 Cursed Derelict or 2 Imperial Scroll resources and erase 1 String Wish mark (depending on your Chosen Resources). / [ICON(white trident-like glyph on dark lozenge)/8+ or ICON(white Α-like glyph on dark lozenge)/4+] Lose 5 Cursed Derelict or 3 Imperial Scroll resources instead.",未在 c4 记录表资源表里找到：Cursed Derelict or 5 Imperial Scroll / 未在 c4 记录表资源表里找到：ICON(small dark round,,medium,"First grant reads 10 / 5, losses 3/2 and 5/3. Lozenges show glyph+8+ and glyph+4+; 'gain +1' target is an icon-only dark glyph."
c4:9334,c4,9334,,Curselenders,none,none,（未识别）ICON(small dark round ×1；（未识别）ICON(small dark round ×1；（未识别）ICON(small dark round ×1,,,"If you then have 3+ ICON(small dark round resource glyph), see the Shortages Special Event. / [ICON(white trident-like glyph on dark lozenge)/7+] Random Argonaut gains a random Curse Affliction.",未在 c4 记录表资源表里找到：ICON(small dark round / 未在 c4 记录表资源表里找到：ICON(small dark round / 未在 c4 记录表资源表里找到：ICON(small dark round,找不到被替换的基础收益：ICON(small dark round ×1,medium,Resource and Map Tile both print the same small dark glyph (name unresolved). 'At War' lozenge clear; divider before the 7+ lozenge line.
c4:9335,c4,9335,,Whispers on the Wind,none,none,（未识别）ICON(small dark ×1；（未识别）ICON(book-with-flame ×1,,,Roll a d10.,未在 c4 记录表资源表里找到：ICON(small dark / 未在 c4 记录表资源表里找到：ICON(book-with-flame,,medium,"Base grant and a thin divider, then the Allied d10 line; both targets are icon-only glyphs (no printed name). Italic 'Remove until the next Timeline Battle.' sits below the panel. Code DB2150, no disc."
c4:9336,c4,9336,,Inescapable Fate (Cackle),none,none,,,,[ICON(white trident-like glyph on dark lozenge)/8+] Resolve an additional ICON(solid black disc with a pale beast-head emblem).,,,medium,"One panel line only, wrapping 'Resolve an / additional <disc>'. Badge lozenge = pale glyph plus '8+'; the glyph is too small to name. Code DB2149, no disc."
c4:9337,c4,9337,,City of Glass and Gold,resource-plus,partial,Imperial Scroll ×5；（未识别）ICON(small dark ×2,Imperial Scroll×5,,,未在 c4 记录表资源表里找到：ICON(small dark,,medium,"Badge prints 'Denounced-' with the trailing hyphen. Amount 5 is clear; the +2 target is an icon-only dark glyph with no printed name. Disc 22, code DB2148."
c4:9338,c4,9338,,City of Glass and Gold,resource-plus,partial,Imperial Scroll ×5；（未识别）ICON(small dark ×1,Imperial Scroll×5,,,未在 c4 记录表资源表里找到：ICON(small dark,,medium,"Same title and base grant as c4:9337 with the Allied branch (+1 instead of +2). Icon-only second target. Disc 26, code DB2147."
c4:9339,c4,9339,,Garden Fragment,resource-plus,partial,Cursed Derelict ×6；（未识别）ICON(book-with-flame ×1,Cursed Derelict×6,,,未在 c4 记录表资源表里找到：ICON(book-with-flame,,medium,"Wording and Allied badge match the c1/c2 'book-with-flame ... (once until the next Timeline Battle)' line; the glyph itself is icon-only. Disc 21, code DB2146."
c4:9340,c4,9340,,Weight of Obligations,none,none,（未识别）ICON(small dark ×1；（未识别）ICON(small dark ×2,,,"If you have 3+ ICON(small dark resource glyph), lose -1 ✕. / Then lose -3 ICON(small dark resource glyph). / You cannot lose ✕ from this effect if you only had 1 ✕ to begin with.",未在 c4 记录表资源表里找到：ICON(small dark / 未在 c4 记录表资源表里找到：ICON(small dark,条件为图标，需人工确认：Gain +2 ICON(small dark resource glyph). [ICON(white trident-like glyph on dark lozenge)/7+],medium,"✕ is printed as a bold crossed glyph, kept verbatim; the tracked/gained resource is an icon-only dark glyph. Badge reads 7+. Italic 'Remove until the next Timeline Battle.' below the panel. Disc 27, code DB2113."
c4:9341,c4,9341,,Waster Caravan,none,none,（未识别）ICON(small dark ×1；（未识别）ICON(small dark ×1；（未识别）ICON(small dark ×1；（未识别）ICON(small dark ×2；（未识别）ICON(book-with-flame ×1,,,Resolve an effect based on your Diplomacy with the Wasters. / [Friendly] Chosen Argonaut gains 1 Mnemos node. / [ICON(white trident-like glyph on dark lozenge)/8+] Random Argonaut gains a random Curse Affliction.,未在 c4 记录表资源表里找到：ICON(small dark / 未在 c4 记录表资源表里找到：ICON(small dark / 未在 c4 记录表资源表里找到：ICON(small dark / 未在 c4 记录表资源表里找到：ICON(small dark / 未在 c4 记录表资源表里找到：ICON(book-with-flame,,medium,"Badges read Allied / Friendly / Neutral / Unfriendly / Denounced / At War. The four dark-glyph grants share one icon; the At War +1 glyph looks like the book-with-flame icon. Divider before the 8+ line. Disc 33, code DB2119."
c4:9342,c4,9342,,Cloud Thieves Skiff,resource-plus,partial,Friendly（恰好 +1） → Imperial Scroll ×2,,[Friendly]Imperial Scroll×2（追加）,Resolve an effect based on your Diplomacy with the Cloud Thieves. / [Allied] Gain +1 ICON(dark crossed-blade glyph) and +1 ICON(dark round coin-like glyph with short rays). / [Neutral] Each Argonaut gains +2 Ψ. / [Unfriendly] Gain +1 ICON(dark round coin-like glyph with short rays). / [Denounced] Gain +2 ICON(dark round coin-like glyph with short rays). / [At War] Lose -1 ICON(dark crossed-blade glyph). / [ICON(white trident-like glyph on dark lozenge)/6+] Random Argonaut gains a random Curse Affliction.,,,medium,"Words/digits clear. Two granted resources are icon-only pictograms (crossed-blade; round coin-like with rays) with no printed names; lozenge glyph tiny, threshold 6+."
c4:9343,c4,9343,,Aristotelian Army,resource-plus,partial,Friendly（恰好 +1） → Cursed Derelict ×4,,[Friendly]Cursed Derelict×4（追加）,Resolve an effect based on your Diplomacy with the Aristotelians. / [Allied] Gain +1 ICON(dark round glyph with a white inner curve). / [Neutral] Each Argonaut gains +2 Λ. / [Unfriendly] Gain +1 ICON(dark glyph with a white V-notch). / [Denounced] Lose -2 Titans. / [At War] Lose -1 ICON(dark round glyph with a white inner curve). / [ICON(white trident-like glyph on dark lozenge)/7+] Random Argonaut gains a random Curse Affliction.,,,medium,"Denounced '-' is a minus, not part of the badge. Neutral glyph read as Λ (may be crossbar-less A). Two icon-only resource pictograms plus a tiny lozenge glyph (7+)."
c4:9344,c4,9344,,Wrath of the Anemoi,none,none,,,,"Randomly determine a sailable direction. / Place a Sandstorm token on the corresponding side of your current Map tile. / Until a new Sandstorm marker is placed, movement in that direction from this tile is blocked. / [ICON(white trident-like glyph on dark lozenge)/6+ or ICON(white rounded glyph on dark lozenge)/4+] Resolve ICON(black disc with a white beast-head emblem).",,,medium,"Panel wording clear (""token"" on line 2, ""marker"" on line 3). Both lozenge pictograms tiny: first trident-like (6+), second rounder (4+). Resolve disc glyph unresolved."
c4:9345,c4,9345,,Untamed Titan,none,none,,,,Gain +1 Titan. / [Friendly+] Gain +1 Ω as a group.,,,medium,"Badge ""Friendly+"" clear with trailing plus. Granted glyph after ""+1"" read as Ω (could be a rounded/crossbar-less variant); ""as a group"" sits on the second line."
c4:9346,c4,9346,,Odysseus's Curse,none,none,,,,"During the next Movement Step, move the Argo in a random direction. / [ICON(white trident-like glyph on dark lozenge)/8+] Resolve ICON(black disc with a white beast-head emblem).",,,medium,"""Argo"" printed in italics. Lozenge pictogram tiny (trident-like) with threshold 8+; the Resolve emblem is a black disc, unreadable in detail."
c5:10300,c5,10300,,Followers of Areté Mission,none,none,,,,Resolve an effect based on your Diplomacy with the Followers of Areté. / [Allied] Gain +1 ✕ and lose -1 Titan. / [Friendly] Gain +1 Titan. / [Unfriendly] Gain +1 ICON(small dark hand-like glyph). / [Denounced] Each Argonaut gains +2 Ψ. / [Aligned with Nemesis] Lose -1 ✕. / [ICON(white vessel-like glyph in dark lozenge) 9+] Random Argonaut gains a random Phobia Affliction.,,,medium,"Words/digits clear; the Unfriendly grant's dark pictogram is unresolved (hand-like), as is the badge's tiny white glyph. Disc 33, code EB2680."
c5:10301,c5,10301,,Protectorate Fleet,none,none,,,,Resolve an effect based on your Diplomacy with the Cycladean Protectorate. / [Allied] Gain +1 ICON(dark glyph with a white V-notch). / [Friendly] Gain +1 ✕. / [Neutral] Each Argonaut gains +2 Ψ. / [Unfriendly] Gain +1 ICON(small dark hand-like glyph). / [Denounced] Gain +2 ICON(dark glyph with a white V-notch). / [Aligned with Nemesis] Gain +1 ICON(small dark glyph with a white emblem). / [ICON(white vessel-like glyph in dark lozenge) 9+] Random Argonaut gains a random Phobia Affliction.,,,medium,"Words/digits clear. Dark pictograms unresolved: V-notch glyph (Allied/Denounced), hand-like glyph (Unfriendly), white-emblem glyph (Aligned). Badge glyph tiny; 9+. Disc 32."
c5:10302,c5,10302,,Vanguard Supreme,none,none,,,,Resolve an effect based on your Diplomacy with the Vanguard. / [Allied] Gain +1 ✕ and +1 ICON(dark glyph with a white V-notch). / [Friendly] Gain +1 ICON(small dark hand-like glyph). / [Neutral] Each Argonaut gains +2 Λ. / [Unfriendly] Gain +1 ICON(dark glyph with a white V-notch). / [Denounced] Gain +1 ICON(small dark hand-like glyph). / [Aligned with Nemesis] Lose -1 ICON(small dark hand-like glyph). / [ICON(white vessel-like glyph in dark lozenge) 9+] Random Argonaut gains a random Phobia Affliction.,,,medium,Words/digits clear. Dark pictograms unresolved: V-notch (Allied/Unfriendly) and hand-like (Friendly/Denounced/Aligned). Badge glyph tiny; 9+. Λ may be a crossbar-less A. Disc 31.
c5:10303,c5,10303,,Untamed Titan,none,none,,,,Gain +1 Titan. / [Friendly+] Gain +1 Ω as a group.,,,high,"No pictograms; all text clear. 'Friendly+' badge with trailing plus; divider separates the base Titan grant from the conditional Ω line. Disc 29, code EB2677."
c5:10304,c5,10304,,Its Hour Comes Round At Last,none,none,,,,Gain +1 ICON(dark glyph with a white V-notch) or resolve ICON(black disc with a white beast-head emblem).,,,medium,"Single-line panel, no badge. Both pictograms unresolved: dark V-notch glyph after '+1', and the white beast-head emblem in a black disc after 'resolve'. Disc 30, code EB2676."
c5:10305,c5,10305,,Long Range Bombardment,none,none,,,,"Unless you are submerged, emergency submerge or lose -1 ✕. / [ICON(white vessel-like glyph in dark lozenge) 8+] Resolve ICON(black disc with a white beast-head emblem).",,,medium,All wording/digits clear. ✕ glyph and the white beast-head disc glyph unresolved. No corner disc; code EB2675. Badge threshold 8+ (tiny white pictogram).
c5:10306,c5,10306,,The Hidden Truth,none,none,,,,"If you have 3+ ICON(small dark hand-like glyph), lose -1 ✕ and lose -3 ICON(small dark hand-like glyph). / You cannot lose ✕ from this effect if you only had 1 ✕ to begin with. / [ICON(white vessel-like glyph in dark lozenge) 7+] Gain +1 ICON(small dark hand-like glyph).",,,medium,"Wording/numbers clear. The small dark pictogram (3 uses) and the ✕ glyph are unresolved; badge pictogram tiny, threshold 7+ clear. No corner disc; code EB2674."
c5:10307,c5,10307,,Mnestis Glitch,none,none,,,,Gain 1 ICON(small dark hand-like glyph) and a random Mnestis-generated Gear card.,,,medium,Wording clear; the granted dark pictogram (drop-shaped with a pale hand-like mark) unresolved. No corner disc; code EB2634. Italic removal line below the panel: 'Remove from the deck permanently.'
c5:10308,c5,10308,,Cyclades Recruitment Drive,none,none,,,,Gain +1 ✕. / [Allied] Lose -1 ICON(small dark hand-like glyph).,,,medium,"Badge 'Allied' clear; thin divider above it. Grant glyph is the crossed-blades mark (kept as ✕ per c5:10301). Loss glyph is a dark shape with a pale hand-like mark, unresolved. Code EB2721; no disc."
c5:10309,c5,10309,,Familiar Theban Trader,none,none,,,,Trading: You may exchange (up to 5 times): / 3 Atlantean Tekne » 1 Orichalcum Chunk / 4 Atlantean Tekne » 1 Liquid Aether / 1 Orichalcum Chunk » 1 Atlantean Tekne / 1 Liquid Aether » 2 Atlantean Tekne / 1 Hydradynamic Scales or 1 Photophobic Flesh » 2 Oxidized Ambrosia / 1 Amygdalan Extract or 1 Microwave Cell » 3 Oxidized Ambrosia / 4 Oxidized Ambrosia » 1 Hydradynamic Scales or 1 Photophobic Flesh / 5 Oxidized Ambrosia » 1 Amygdalan Extract or 1 Microwave Cell / [Friendly+] Lose -1 ICON(small dark hand-like glyph).,,,medium,"Landscape card. All trade lines and the 'Friendly+' lozenge legible; 'Hydradynamic' kept as printed. Two-way trades, so each line's right-hand resource is listed as a gain. Loss glyph after '-1' is a small dark icon, unresolved. Code EB2720."
c5:10310,c5,10310,,Panic Spreads,none,none,,,,"If you have 3+ ICON(small dark hand-like glyph), lose -1 Titan and -1 ICON(small dark hand-like glyph). / [ICON(white vessel-like glyph in dark lozenge) 5+] Gain +1 ICON(small dark hand-like glyph).",,,medium,"Threshold '5+' and all words clear; both dark pictograms (pale hand-like mark), the tiny white lozenge glyph and 'Titan' being a track loss rather than a resource are the uncertain parts. Code EB2719; no corner disc."
c5:10311,c5,10311,,The Noose Tightens,none,none,,,,[ICON(white vessel-like glyph in dark lozenge) 8+] Resolve an additional ICON(black disc with a white beast-head emblem).,,,medium,Wording clear; badge threshold 8+ with a tiny pale lozenge glyph. The disc glyph after 'additional' is a black disc with a pale beast-head-like emblem. Code EB2718; no corner disc.
c5:10312,c5,10312,,Doom Scrolls,none,none,,,,Gain +1 ICON(small dark hand-like glyph). / [Aligned with Nemesis] Random Argonaut gains a random Phobia Affliction.,,,medium,"The 'Aligned with Nemesis' lozenge prints on its own line above the Affliction sentence, so the badge is carried onto that sentence. Grant's dark pictogram unresolved. Thin divider above the badge. Code EB2717; no disc."
c5:10313,c5,10313,,Nemesis Blockade,none,none,,,,Randomly determine a direction. / Place an ICON(dark irregular sludge-like token glyph) token on the corresponding side of your current Map tile. / All waterways leading in that direction from this tile are blocked. / Discard the ICON(dark irregular sludge-like token glyph) token after the next Timeline Battle.,,,high,"No badge lozenge; wording and the panel divider are clear. The placed/discarded token is an icon-only dark irregular mass (name unresolved, described). Code EB2716; no corner disc."
c5:10314,c5,10314,,Drown in Fear,none,none,,,,"Gain +1 ICON(small dark hand-like glyph). / If you then have 3+ ICON(small dark hand-like glyph), see the Fractures Special Event. / [ICON(white vessel-like glyph in dark lozenge) 5+] Gain +1 ICON(small dark hand-like glyph).",,,medium,Wording/divider clear; both dark pictograms unresolved (hand-like blob). Badge lozenge shows a tiny pale glyph then a boxed '5+'. Code EB2715; no corner disc.
c5:10315,c5,10315,,Depth Charges,none,none,,,,"Unless you are surfaced, immediately surface or lose -1 ICON(small dark hand-like glyph). / [ICON(white vessel-like glyph in dark lozenge) 8+ or ICON(white hand-like glyph in dark lozenge) 4+] Lose -1 Titan. / [Aligned with Nemesis] Lose -1 additional Titan.",,,medium,"Two badges, each on its own line above its sentence; 'Aligned with Nemesis' also on its own line. Loss glyph after '-1' resembles the hand-like pictogram (c5:10305 read it as X). Code EB2714; no disc."
c5:10316,c5,10316,,Peace Emissaries,none,none,,,,Lose -1 ICON(small dark hand-like glyph). / [Allied] You may gain +1 ICON(dark glyph with a white V-notch) to lose -1 ICON(small dark hand-like glyph).,,,medium,"Badge 'Allied' clear, below the panel divider. Grant glyph is the dark V-notch mark (per c5:10301); the other glyph is a dark hand-like blob. Code EB2713; no corner disc."
c5:10317,c5,10317,,Symmachy Liaisons,none,none,,,,Gain +1 ICON(dark glyph with a white V-notch). / [Allied] Lose -1 ICON(small dark hand-like glyph).,,,medium,Badge 'Allied' clear below the divider. Both pictograms unresolved: dark V-notch grant glyph (per c5:10301) and dark hand-like loss glyph. Code EB2712; no corner disc.
c5:10318,c5,10318,,The Fate of All Things (Cackle),none,none,,,,[ICON(white vessel-like glyph in dark lozenge) 8+] Resolve an additional ICON(black disc with a white beast-head emblem).,,,medium,"Single-line panel; badge lozenge '[pale glyph] 8+' sits inline before the sentence. Disc glyph (black disc, white beast head) matches c5:10311; large artwork emblem below. Code EB2711; no disc."
c5:10319,c5,10319,,Operational Processing Plant,resource-plus,partial,Orichalcum Chunk ×5,Orichalcum Chunk×5,,[Denounced-] Gain +2 ICON(small dark hand-like glyph).,,,medium,"Badge 'Denounced-' (trailing hyphen) inline with the second line; divider above it. Amounts 5 and 2 legible; the +2 grant's dark pictogram unresolved. Disc 22, code EB2710."
c5:10320,c5,10320,,Operational Vertical Mine,resource-plus,partial,Orichalcum Chunk ×5,Orichalcum Chunk×5,,[Allied] Gain +1 Titan. / [Aligned with Nemesis] Lose -2 Titans.,,,high,"All text and both badges legible; no pictograms in the panel. 'Titans' is plural on the Aligned with Nemesis loss. Disc 26, code EB2709."
c5:10321,c5,10321,,AETHER RIFT,resource-plus,partial,Liquid Aether ×5,Liquid Aether×5,,[Allied] Replenish 1 Godform.,,,high,"Words/digits all clear. Badge lozenge reads 'Allied' (white text). Divider separates the base grant from the conditioned 'Replenish' line. Disc 25, code EB2708."
c5:10322,c5,10322,,ATLANTEAN PHOS VAULT,resource-plus,partial,Atlantean Tekne ×6,Atlantean Tekne×6,,[Allied] Lose -1 ICON(dark round glyph with a pale inner emblem).,,,medium,"Badge 'Allied' and amount 6 clear; the loss target after '-1' is a small dark picture glyph (~20 px, pale inner mark), no printed name. Disc 21, code EB2707."
c5:10323,c5,10323,,HALF-BUILT ARCOLOGY,resource-plus,partial,Atlantean Tekne ×5；Allied（+2 或更好） → Atlantean Tekne ×6,Atlantean Tekne×5,[Allied]Atlantean Tekne×6（替换）,[Aligned with Nemesis] Lose -1 ICON(dark round glyph with a pale inner emblem).,,,medium,"Wording/numbers clear; divider separates base 5 from the Allied 6 'instead' branch. Badges 'Allied' and 'Aligned with Nemesis' legible. Loss glyph is a small dark pictogram, unnamed. Disc 24, code EB2706."
c5:10324,c5,10324,,DECREPIT OUTPOST,resource-plus,partial,Atlantean Tekne ×4,Atlantean Tekne×4,,[Allied] Lose -1 ICON(dark round glyph with a pale inner emblem). / [Aligned with Nemesis] Gain +2 ICON(dark round glyph with a pale inner emblem).,,,medium,"Words, '+2' and amount 4 clear. The Allied loss and the Aligned gain both end in a small dark picture glyph (pale inner mark), no printed resource name. Disc 20, code EB2705."
c5:10325,c5,10325,,ABANDONED PROCESSING PLANT,resource-plus,partial,Orichalcum Chunk ×3,Orichalcum Chunk×3,,You may gain +1 ICON(dark round glyph with a pale inner emblem) to gain +1 Priest. / [Aligned with Nemesis] Lose -1 ICON(dark crossed glyph).,,,medium,"Amounts 3/1 and badges clear ('Aligned with Nemesis'). Two small pictograms unresolved: the '+1' gain glyph (dark round, pale mark) and the loss glyph (bold crossed shape, kept as ICON). Disc 16, code EB2704."
c5:10326,c5,10326,,ABANDONED MINE,resource-plus,partial,Orichalcum Chunk ×4,Orichalcum Chunk×4,,[Allied] Ignore ICON(dark round glyph with a pale inner emblem). / [Denounced-] Gain +1 ICON(dark round glyph with a pale inner emblem).,,,medium,"Badges 'Allied' and 'Denounced-' (trailing hyphen) clear; amount 4 clear. Both pictograms are the same small dark glyph with a pale inner emblem, no printed name. Disc 18, code EB2703."
c5:10327,c5,10327,,AETHER FISSURE,resource-plus,partial,Liquid Aether ×3,Liquid Aether×3,,[Allied] Ignore ICON(dark round glyph with a pale inner emblem). / [Denounced-] Gain +1 ICON(dark round glyph with a pale inner emblem).,,,medium,"Wording identical to c5:10326 with 3 Liquid Aether; badges 'Allied' and 'Denounced-' clear. The Ignore/gain pictogram is a small dark glyph with a pale emblem, unnamed. Disc 15, code EB2702."
c5:10328,c5,10328,,DECREPIT OUTPOST,resource-plus,partial,Atlantean Tekne ×4,Atlantean Tekne×4,,[Denounced-] Gain +3 Λ as a group.,,,medium,"Wording/numbers clear; digit 3 matched against a known 3. Glyph after '+3' is shape-identical to the Λ stat glyph (c5:10302) so read as Λ; may be a resource pictogram. Disc 17, EB2701."
c5:10329,c5,10329,,ABANDONED LISTENING POST,resource-plus,partial,Atlantean Tekne ×3,Atlantean Tekne×3,,[Allied] Gain +1 ICON(dark glyph with a wide crossbar and tapering stem). / [Aligned with Nemesis] Lose -1 Titan.,,,medium,"All words/badges/digits clear ('Allied', 'Aligned with Nemesis', '-1 Titan.'). The '+1' target is an unnamed dark pictogram (wide crossbar over a tapering body). Disc 14, code EB2700."
c5:10330,c5,10330,,ATLANTEAN EXTRACTION SUPREME,resource-plus,partial,Orichalcum Chunk ×2,Orichalcum Chunk×2,,[Denounced-] Gain +3 Ψ as a group.,,,high,"Wording, badge 'Denounced-' and amounts clear; the '+3' glyph is the psi-like U-with-stem symbol printed on the sibling cards EB2693/EB2692, kept as Ψ. Disc 7, code EB2699."
c5:10331,c5,10331,,ABANDONED PROCESSING PLANT,resource-plus,partial,Orichalcum Chunk ×3,Orichalcum Chunk×3,,[Allied] Gain +1 ICON(dark round glyph with a pale inner emblem). / [Denounced-] Gain +1 ICON(dark pointed glyph with a tapering tail).,,,medium,"All words, badges ('Allied', 'Denounced-') and '+1' amounts clear. Both targets are unnamed pictograms: a dark disc with a pale emblem (as on c5:10332/10333) and a pointed glyph. Disc 12, EB2698."
c5:10332,c5,10332,,RESEARCH SUPREME WRECK,resource-plus,partial,Atlantean Tekne ×2；Allied（+2 或更好） → Atlantean Tekne ×3,Atlantean Tekne×2,[Allied]Atlantean Tekne×3（替换）,[Aligned with Nemesis] Lose -1 ICON(dark round glyph with a pale inner emblem).,,,medium,"Wording/numbers and both badges clear; divider splits base 2 from the Allied 'instead' branch of 3. The loss target after '-1' is an unnamed dark disc glyph with a pale emblem. Disc 13, code EB2697."
c5:10333,c5,10333,,AETHER FISSURE,resource-plus,partial,Liquid Aether ×3；Allied（+2 或更好） → Liquid Aether ×4,Liquid Aether×3,[Allied]Liquid Aether×4（替换）,[Aligned with Nemesis] Lose -1 ICON(dark round glyph with a pale inner emblem).,,,medium,"Wording/numbers and both badges clear; base 3 replaced by Allied 4. Loss target is the same unnamed dark disc glyph with a pale emblem as c5:10332. Disc 11, code EB2696."
c5:10334,c5,10334,,ABANDONED LISTENING POST,resource-plus,partial,Atlantean Tekne ×3,Atlantean Tekne×3,,[Denounced-] Gain +1 ICON(dark glyph with two bars above a tapering body). / [Aligned with Nemesis] Gain +2 ICON(dark rounded glyph tapering to a point).,,,medium,"All words, badges ('Denounced-', 'Aligned with Nemesis') and '+1'/'+2' amounts clear. Both targets are distinct unnamed dark pictograms (no printed name). Disc 10, EB2695."
c5:10335,c5,10335,,TITAN,none,none,,,,Gain +1 Titan. / [Friendly+] Gain +1 Ω as a group.,,,high,"No Chinese title. Second gain uses an omega glyph (Ω) as printed, conditioned on Friendly+, with 'as a group'."
c5:10336,c5,10336,,ATLANTEAN EXTRACTION SUPREME,resource-plus,partial,Orichalcum Chunk ×2,Orichalcum Chunk×2,,[Denounced-] Gain +3 Ψ as a group.,,,high,"No Chinese title. Second gain uses a psi glyph (Ψ) as printed, conditioned on Denounced-."
c5:10337,c5,10337,,ATLANTEAN EXTRACTION SUPREME,resource-plus,partial,Orichalcum Chunk ×2,Orichalcum Chunk×2,,[Denounced-] Gain +3 Ψ as a group.,,,high,No Chinese title. Identical rules text to EB2693; corner numeral 3. Psi glyph (Ψ) as printed.
c5:10338,c5,10338,,DEPLETED MINE,resource-only,full,Orichalcum Chunk ×1；Friendly+（+1 或更好） → Orichalcum Chunk ×2,Orichalcum Chunk×1,[Friendly+]Orichalcum Chunk×2（替换）,,,,high,No Chinese title. Replacement branch below the divider is badge-conditioned on Friendly+.
c5:10339,c5,10339,,DEPLETED MINE,resource-only,full,Orichalcum Chunk ×1；Friendly+（+1 或更好） → Orichalcum Chunk ×2,Orichalcum Chunk×1,[Friendly+]Orichalcum Chunk×2（替换）,,,,high,No Chinese title. Identical rules text to EB2691; corner numeral 6.
c5:10340,c5,10340,,ACTIVE VENT,resource-only,full,Liquid Aether ×2；Denounced-（-2 或更差） → Liquid Aether ×1,Liquid Aether×2,[Denounced-]Liquid Aether×1（替换）,,,,high,No Chinese title. Replacement branch below the divider is badge-conditioned on Denounced-.
c5:10341,c5,10341,,DORMANT VENT,resource-only,full,Liquid Aether ×1；Friendly+（+1 或更好） → Liquid Aether ×2,Liquid Aether×1,[Friendly+]Liquid Aether×2（替换）,,,,high,No Chinese title. Replacement branch below the divider is badge-conditioned on Friendly+.
c5:10342,c5,10342,,SPATIAL ANOMALY,none,none,（未识别）Promised Futures Carcass ×2,,,[Denounced] Gain +3 A as a group.,未在 c5 记录表资源表里找到：Promised Futures Carcass,,high,"Badge 'Denounced' clear. Bold glyph after '+3' read as A (crossbar faint; could be lambda - kept per c3:13509 'A' reading). Disc 23, code EB2687."
c5:10343,c5,10343,,SPATIAL DISTORTION,none,none,（未识别）Promised Futures Carcass ×1；（未识别）Promised Futures Carcass ×2,,,,未在 c5 记录表资源表里找到：Promised Futures Carcass / 未在 c5 记录表资源表里找到：Promised Futures Carcass,,high,"Badge prints 'Friendly+' with the plus at its right edge; thin divider separates the base grant from the replacement. Disc 35, code EB2686."
c5:10344,c5,10344,,SPATIAL ANOMALY,none,none,（未识别）Promised Futures Carcass ×2；（未识别）Promised Futures Carcass ×3,,,,未在 c5 记录表资源表里找到：Promised Futures Carcass / 未在 c5 记录表资源表里找到：Promised Futures Carcass,,high,"Badge 'Friendly+' clear; thin divider separates base grant from replacement. Disc 34, code EB2685. Lower artwork shows a dark emblem, no rules text."
c5:10345,c5,10345,,STAIRCASE DISMANTLING,resource-plus,partial,Black-tainted Stepfinger ×1,Black-tainted Stepfinger×1,,[Denounced-] Gain +3 A as a group.,,,high,"Disc numeral is a serif 'I' (as on c3:13500), not an arabic digit. Bold glyph after '+3' read as A (crossbar faint; lambda/A ambiguous). Badge 'Denounced-'."
c5:10346,c5,10346,,STAIRCASE DISMANTLING,resource-only,full,Black-tainted Stepfinger ×1；Friendly+（+1 或更好） → Black-tainted Stepfinger ×2,Black-tainted Stepfinger×1,[Friendly+]Black-tainted Stepfinger×2（替换）,,,,high,"Badge 'Friendly+' clear; 'Black-' hyphenated across the line break as printed. Divider separates base grant from replacement. Disc 8, code EB2683."
c5:10347,c5,10347,,STAIRCASE DEMOLITION,resource-only,full,Black-tainted Stepfinger ×2；Friendly+（+1 或更好） → Black-tainted Stepfinger ×3,Black-tainted Stepfinger×2,[Friendly+]Black-tainted Stepfinger×3（替换）,,,,high,"Header reads STAIRCASE DEMOLITION (not DISMANTLING). Badge 'Friendly+' clear; amounts 2 and 3 legible. Disc 4, code EB2682."
c5:10348,c5,10348,,RECLAIMED TITAN,none,none,,,,Gain +1 Titan. / [Friendly+] Gain +1 Ω as a group.,,,high,"No corner disc on this card. Titan and Ω are track gains, not Argo resources, so resourceGains is empty, following the earlier Titan-card batches. Thin divider above the Friendly+ line."
