key,cycle,card_id,name,status,reason,resources,ocr_full,ocr_body,ocr_footer
c1:6400,c1,6400,Dog Days,manual,conditional effect,,坏日子 / Doc Days / 每有3 全，失去-1汉， / 如果没有失去兴， / RS +1 & / GIB Gain +2&. / 移出卡组直到下一次定时战斗 8 / Remove until the next / AB0075            Timeline Battle.,"S38, KEIM, / 然后失去-3 全 。 / 如果没有失去 ， / 获得+1例。 / GIB Gain +28.",移出上组直到下一次定时战半 8 / Remove until the next / AB0075                Timeline Battle.
c1:6401,c1,6401,Minoan Fleet,base-auto,gain fixed resources; optional/alternate effect; extra conditional gain; loss or non-resource side effect; choice/random/target needed,trireme resource,米诺斯人舰队 / MINOAN FLEET / ARE EMSA eT A BS be /  Gain +1 €. /  Gain 4 Trireme resources. /  Each Argonaut gains +1 A. /  Gain +1 Y’. / { Denounced) ) Lose -1 Titan. /  Lose -1€. / CID 随机一名阿尔戈英雄 / 获得1枚绝望指示物。 / 29) Bill RAH BF —REAES 4 / Remove until the next / AB0076           Timeline Battle.,根据你们与米诡斯人的外交 /  Gain +1 €&. / t Friendly ) Gain 4 Trireme resources. /  Each Argonaut gains +1 人 /  Gain +1 9’. /  Lose -1 Titan. /  Lose -1 &. / [pal i a 2   7 a a ee eee ee 2,29) 移出卡组直到下一次定时战半 @ / Remove until the next / AB0076               Timeline Battle.
c1:6402,c1,6402,Hornsworn Fleet,manual,choice/random/target needed; external card/story effect,,角碑者舰队 / HORNSWORN FLEET / ARES SSN be / 关系结算一项效果。 / Allied) ) Gain +1 %. / ‘ Friendly ) Chosen Argonaut gains 1 / Mnemos node. / ‘Neutral ) ) Chosen Argonaut gains +1 A. / {Denounced cn :2 / CR Lose -1X. / OG 随机一名阿尔戈英雄 / 获得1枚绝望指示物。 / 办 移出 eanarr vans / Remove until the next / AB0077              Timeline Battle.,根据你们与角壮者的外区 /  Gain +1. / ‘ Friendly Chosen Argonaut gains 1 / Mnemos node. / ‘ Neutral } ) Chosen Argonaut gains +1 b /  Gain +1 'W7 / ‘ Denounced} ) Gain +2 4%. /  Lose -1 XX.,办sraaa eee / Remove until the next / AB0077                 Timeline Battle.
c1:6403,c1,6403,Labyrinthian Vessel,base-auto,gain fixed resources; optional/alternate effect; extra conditional gain; choice/random/target needed,"calcifiedKnuckle resource, fleshyMantle resource","迷宙徒轮船 / LABYRINTHIAN / VESSEL / 根据你们与迷宫徒的外交 / 关系结算一项效果。 / (Allied) Gain +1 and +1. / Qari"" Gain 1 Calcified / Knuckle Bone or Fleshy Mantle / resource and +1 &. / { Neutral ] ) Each Argonaut gains +1. / \ Unfriendly Zerg a) / { Denounced} ) At the start of the next / Timeline Battle, Escalate 1. / REED Cain +1 A. / CID 随机一名阿尔戈关雄 / 获得1枚绝望指示物。 / 31) 移出卡组直到下一次定时战斗 / Remove until the next / AB0078             Timeline Battle.","ARH VR |S Ss EBS IP AR / 关系结算一项效果。 / Allied ) Gain +1 % and +14. / ET Gain 1 Calcified / Knuckle Bone or Fleshy Mantle / resource and +1 全 / (人YY Each Argonaut gains +1. / CULE) Gain +1 YW’. / ‘Denounced ) At the start of the next / Timeline Battle, Escalate 1. / wei  ..",» DAIS ATA HO SEI IS TY / 31) 移出卡组直到下一次定肝战半 / Remove until the next / AB0078              Timeline Battle.
c1:6404,c1,6404,Trade Post,base-auto,gain fixed resources; optional/alternate effect; alternate or bonus resource line,trireme resource,贸易站 / TRADE POST / Gain 1 Trireme resource. / GIST Gain 2 Trireme / resources instead. / ABO079,Gain 1 Trireme resource. / Gietiva» Gain 2 Trireme / resources instead.,AB0079
c1:6405,c1,6405,Trade Post,base-auto,gain fixed resources; optional/alternate effect; alternate or bonus resource line,trireme resource,贸易站 / TRADE POST / Gain 1 Trireme resource. /  Gain 2 Trireme / resources instead. / ABO080,"Gain 1 Trireme resource, - / GIST Gain 2 Trireme / resources instead.",AB0080
c1:6406,c1,6406,Fishing Pier,base-auto,gain fixed resources; choice/random/target needed,trireme resource,渔码头 / FISHING PIER / Gain 2 Trireme resources. /  Chosen / Argonaut gains +1 A. / AB0081,Gain 2 Trireme resources. /  Chosen / Argonaut gains +1 A.,AB0081
c1:6407,c1,6407,Trireme Wreck,base-auto,gain fixed resources; choice/random/target needed,trireme resource,战船残骸 / TRIREME WRECK / Gain 2 Trireme resources. /  Chosen / Argonaut gains +1 A. / ， 9) a / ABO0082          |,Gain 2 Trireme resources. / (Etats ® Chosen / Argonaut gains +1 A.,AB0082
c1:6408,c1,6408,Trireme Wreck,base-auto,gain fixed resources; choice/random/target needed,trireme resource,AKAGI BX / TRIREME WRECK / Gain 2 Trireme resources. /  Chosen / Argonaut gains +1 A. / AB0083,Gain 2 Trireme resources. / ‘Denounced- Chosen / Argonaut gains +1 A.,AB0083
c1:6409,c1,6409,Smithy,base-auto,gain fixed resources; optional/alternate effect; alternate or bonus resource line,armament resource,铁斤铺 / SMITHY / Gain 1 Armament / resource. / GET Gain 2 / Armament resources / instead. / AB0084,Gain 1 Armament / resource. / Gitta Gain 2 / Armament resources / instead.,AB0084
c1:6410,c1,6410,Smithy,base-auto,gain fixed resources; optional/alternate effect; alternate or bonus resource line,armament resource,=       = / $k LL $8 / SMITHY / Gain 1 Armament / resource. / GENT Gain 2 / Armament resources / instead. . / ° : (ee / AB0085            炒,Gain 1 Armament / resource. / \Friendiy+ Gain 2 / Armament resources / instead. _,AB0085
c1:6411,c1,6411,Weapons Cache,base-auto,gain fixed resources; optional/alternate effect,armament resource,BE SS / 车南库 / WEAPONS CACHE / Gain 2 Armament / resources. / { Denounced-eziiam / Armament resource / instead. . / ¥; eR zi  人 / AB0086,"Gain 2 Armament / resources. / Qe Gain | / Armament resource / instead. |                   ,",AB0086
c1:6412,c1,6412,Abandoned Shrine,base-auto,gain fixed resources; optional/alternate effect; alternate or bonus resource line,monument resource,废弃神盒 / _ ABANDONED / SHRINE / Gain 1 Monument / resource. / GED Gain 2 / Monument resources / instead. / AB0087,Gain 1 Monument / resource. /  Friendly+) Gain ? / Monument resources / instead.,AB0087
c1:6413,c1,6413,Abandoned Shrine,base-auto,gain fixed resources; optional/alternate effect; alternate or bonus resource line,monument resource,RFS / ABANDONED / SHRINE / Gain 1 Monument / resource. /  Gain 2 / Monument resources / instead. / ABO088,Gain 1 Monument / resource. / Gira» Gain 2 / Monument resources / instead.,AB0088
c1:6414,c1,6414,Temple Ruins,base-auto,gain fixed resources; choice/random/target needed,monument resource,Xx    WL  = / 48H FEY a Se / TEMPLE RUINS / Gain 2 Monument / resources. / (YY Chosen / Argonaut gains +1 . / =  : @) pe / AB0089             7,Gain 2 Monument / resources. / OCT》 Chosen / Argonaut gains +1 W. / 人,AB0089
c1:6415,c1,6415,Temple Ruins,base-auto,gain fixed resources; choice/random/target needed,monument resource,神殿废墟 / TEMPLE RUINS / Gain 2 Monument / resources. / ite» Chosen / Argonaut gains +1 W. / ABO090          ae,ain 2 Monument / resources. / GEMM Chosen / Argonaut gains +1.,AB0090
c1:6416,c1,6416,Titan,manual,choice/random/target needed,,泰坦 / TITAN / Gain +1 Titan. / :    (Friendly      ‘= Chosen / Argonaut gains +1). / ABO091,Gain +1 Titan.           Ga / | (Friendly Chosen / _ Argonaut gains +1 Q).,AB0091
c1:6417,c1,6417,Abandoned Fleet,base-auto,gain fixed resources; extra conditional gain,trireme resource,废弃舰队 / ABANDONED FLEET / Gain 3 Trireme resources. / CT Gain +1'V / AB0092                             |,"Gain 3 Trireme resources, — / CT Gain +1 VY.",AB0092
c1:6418,c1,6418,Old Armory,base-auto,gain fixed resources; optional/alternate effect; alternate or bonus resource line,armament resource,IAAT / OLD ARMORY / Gain 3 Armament / resources. / Wit) Gain 4 Armament / resources instead. / ”  ‘of . (&) 志和 / AB0093,Gain 3 Armament / resources. / Cite) Gain 4 Armament / resources instead.,AB0093
c1:6419,c1,6419,Hidden Temple,base-auto,gain fixed resources; extra conditional gain,monument resource,隐秘神殿 / HIDDEN TEMPLE / Gain 3 Monument / resources. /   ite» Gain +1A. / AB0094,Gain 3 Monument / resources. / TITTTYY Gain +1 A.,AB0094
c1:6420,c1,6420,Abandoned Fleet,base-auto,gain fixed resources; loss or non-resource side effect; choice/random/target needed,trireme resource,废弃舰队 / ABANDONED FLEET / Gain 3 Trireme resources. / 人CR Lose -1 Titan. / AB0095,Gain 3 Trireme resources. /  Lose -1 Titan.,AB0095
c1:6421,c1,6421,Desecrated Temple,base-auto,gain fixed resources; extra conditional gain,monument resource,FE HR / LD ESECRATED / TEMPLE / Gain 2 Monument / resources. /  Gain +1#. / AB0096,Gain 2 Monument / resources. / Geter ® Gain +1 ht.,AB0096
c1:6422,c1,6422,Shipyard,base-auto,gain fixed resources; choice/random/target needed,trireme resource,"N+ / 造船三 / SHIPYARD » / Gain 4 Trireme resources. / Ofte Chosen / Argonaut gains +1 A. / 。 ae =the :   ""te / BRE bs ee / AB0097              |",Gain 4 Trireme resources. / CT Chosen / Argonaut gains +1 A.,AB0097
c1:6423,c1,6423,Shipyard,base-auto,gain fixed resources; choice/random/target needed,trireme resource,SHE / 造船厂 / SHIPYARD / Gain 4 Trireme resources. © / GEEZ Chosen / Argonaut gains +1 A. / AB0098,Gain 4 Trireme resources. / CT》Chosen / ， Argonaut gains +1 人.,AB0098
c1:6424,c1,6424,Weapons Cache,base-auto,gain fixed resources; choice/random/target needed,armament resource,WEAPONS CACHE / Gain 3 Armament / resources. / Getter Chosen / Argonaut gains +1 A. / ABO0099,Gain 3 Armament / resources. / Gites Chosen / Argonaut gains +1 A.,AB0099
c1:6425,c1,6425,Desecrated Temple,base-auto,gain fixed resources; extra conditional gain,monument resource,DESECRATED / TEMPLE / Gain 3 Monument / resources. / CT Gain +1 &. / 、 eo aa   . cag / AB0100             .,Gain 3 Monument / resources. / Canter» Gain +1 &.,AB0100
c1:6426,c1,6426,Hidden Temple,base-auto,gain fixed resources; optional/alternate effect; extra conditional gain,monument resource,隐秘神殿 / HIDDEN TEMPLE / Gain 4 Monument / resources. / You may gain +3 W to / gain +1 Priest. / ABO101         7,Gain 4 Monument / resources. / You may gain +3 YW to / gain +1 Priest. / o,AB0101
c1:6427,c1,6427,Egyptian War Fleet,base-auto,gain fixed resources; loss or non-resource side effect,trireme resource,EOr tk / GYPTIAN / WAR FLEET / Gain 5 Trireme resources. / QM) Lose -1 人 / AB0102,Gain 5 Trireme resources. / Allied Lose -1 Y’.,AB0102
c1:6428,c1,6428,Egyptian War Fleet,base-auto,gain fixed resources; loss or non-resource side effect,trireme resource,BV OTN / GYPTIAN / WAR FLEET / Gain 6 Trireme resources. / GED Lose -1 YW’. / me om 加 / AB0103            ),Gain 6 Trireme resources. - / GME) Lose -1 VW.,AB0103
c1:6429,c1,6429,Old Armory,base-auto,gain fixed resources; loss or non-resource side effect,monument resource,IAAL) / OLD ARMORY / Gain 5 Monnment / resources. / : Lose -1€. / AB0104,Gain 5 Monument      ee / resources. /  Lose -1€.,25) / AB0104
c1:6430,c1,6430,Bronze People Armory,base-auto,gain fixed resources; optional/alternate effect; extra conditional gain,armament resource,"青铜人兵工厂 / BRONZE PEOPLE / ARMORY / Gain 5 Armament / resources. / fie) Gain +1cb (once / until the next Timeline / “ Battle). , | / AB0O105           )","Gain 5 Armament           : / resources. / 《wy Gain +1b (once / until the next Timeline / Battle). , .",J ate   ares                      /， / 8 / AB0105
c1:6431,c1,6431,Grand Temple Ruins,semi,resource named but amount/action needs review,monument resource,大型神殿废起 / GRAND / TEMPLE RUINS / Gain 5 Monument / 人 /  Gain +1. / AB0106,Gain 5 Monument / _resources. / 《Cr Gain +1 ¥.,AB0106
c1:6433,c1,6433,Untamed Titan,manual,choice/random/target needed,,未驯服的泰坦 / UNTAMED TITAN / Gain +1 Titan. /  Chosen / Argonaut gains +1. / AB0108,Gain +1 Titan. /  Chosen / Argonaut gains +1Q.,AB0108
c1:6434,c1,6434,Hekatrap,manual,external card/story effect,,"BS bat / HIEKATRAP / At the end of this Exploration / Step, resolve an Ambush Battle / (Cycle I Storybook, p. 112). / GED At the start of this / battle, Escalate 1. / 永久移出天组           SN / Remove from the deck / AB0109                  permanently.","Atthe end of this Exploration / step, resolve an Ambush Battle / (Cycle I Storybook, p. 112). / CW/8+) At the start of this / battle, Escalate 1.",RABE    ¢ / Remove from the deck / AB0109               permanently.
c1:6435,c1,6435,Informant Network,manual,choice/random/target needed,,线人网络 / ‘INFORMANT / NETWORK / Gain +1 %. /  Roll a d10. On 8+ / gain +1cb. / 移出卡组直到下一次定肝战半 4 / Remove until the next / AB0110               Timeline Battle., Gain +1. ee      : / UE) Roll a d10. On 8+ / gain +1 ch.,移出卡组直到下一次定时战半 / Remove until the next / AB0110                Timeline Battle.
c1:6436,c1,6436,Cackle,manual,external card/story effect,,"KR / NAN Se /  Resolve an additional 他) / 移出大组直到下一次定肝战斗 d / Remove until the next                        } / ABO111               Timeline Battle.                                 ,",8 Resolve an additional C) / * “oe pie   有  DS oat   at: ae ee. e / | th        See / 人 二人这 . LAN 乞 he Loe 2 $,移出让组直到下一次定肝战斗  ¢ / Remove until the next                         | / ABO111                Timeline Battle.                                   :
c1:6437,c1,6437,Maze Pilgrim,manual,choice/random/target needed; conditional effect; external card/story effect,,"AB RES / MAZE PILGRIM / Gain +1 & (fon a & Map Tile: / gain +2 # instead). / If you then have 3+ #%, see 0014 / in the Fated Conundrum hub. / CW/5+) Gain 1 additional #. /  Random Argonaut / gains 1 Despair token. / BAKABP FREAK 4 / Remove until the next / AB0112               Timeline Battle.","Gain +1 ft (If ona & Map Tile: / gain +2 # instead). / If you then have 3+ #, see 0014 / in the Fated Conundrum hub. / CW/54) Gain 1 additional #. /  Random Argonaut / gains ] Despair token.",移出卡组直到下一次定时战半 @ / Remove until the next / AB0112                Timeline Battle.
c1:6438,c1,6438,Maze Storm,review,effect text not matched by current rules,,MAZE STORM / Gain +1 A. / 7B Gain +2 A instead. / 移出大组直到下一次定肝战斗 / Remove until the next / AB0113            Timeline Battle.,Gain +1合 / QV Gain +2Ainstead.,移出大组直到下一次定肝战斗 @ / Remove until the next / ABO113              Timeline Battie.
c1:6439,c1,6439,Recruitment Drive,review,effect text not matched by current rules,,Aas aa / RECRUITMENT / DRIVE / Gain +1. / 《TRY Lose -1 Y’. / 永久移出大组                   ¢ / Remove from the deck / AB0114              permanently.,Gain +1.               “ / (Allied Lose -1 Y.,了永久移出大组                  8 / Remove from the deck / AB0114                 permanently.
c1:6440,c1,6440,Heart of the Maze,manual,external card/story effect,,"aE IL / HEART OF THE / MAZE / You're ambushed by the / Temenos itself! At the end of / this Exploration Step, resolve / a Temenos Battle (note Special / Aftermath 0006). /  At the start of this / battle, Escalate 1. / 永久移出大组           8 / Remove from the deck / ABO116          permanently.","Youre ambushed by the / Temenos itself! At the end of / this Exploration Step, resolve / a Temenos Battle (note Special / Aftermath 0006). / GED At the start of this / battle, Escalate 1.",永久移出让组                  @ / Remove from the deck / AB0116              permanently.
c1:13400,c1,13400,Theban Trader,review,effect text not matched by current rules,,"_. © / ota / 2525 / Beas / > / Ms      HTEeE0g / ER      gS / R       Begs o + / A) ox     ANnS tn ase / ”    N a 0  ¢  “a / -L\  Q    ACEo HH  th / ~~ OCs ian ea  Lo / kK ‘=    ES=o 号 / =o    四是一石 +r  | / LD    号全 o <  kX / [|    epo™   a / ae     om OD. tke 2 | / o8Zrs  HIS / ~~ 人    Lae  Pe |< / LL  =    2n 52 oS / Oe   B52 wb ay iw / co      ""号 2 / ee Sf GEReESSS KER / fie EEO O-SS0 HAR / > ESSE 5os | eee 2 / Wag = SETR eS ss SSM / wee fam. 2sa3 NZ / 5 Pees / Te 2a fSCuEe E / =  weEEsEteae 旺 / EODEERZS    =  \ / [一  S BEESESHZ=E 中  — / Soa Set im S OO om / SereSaqA20rce iy  三 / SB Ore eee TIN   三",SOG / a       TsO q / :         oo > Bia / S      oot 后 / -     NA YO +H? / 一、     ono + / 出     AZEY / ES=o oW / cb     g250 到 / ，医    SESS ys / =  .     ate = RK / nd / LL)  8)     oe 号地 / N / 本     二 Lie 4 / | Ky / = Gee leo oe / g EL os—ge0 +h eK / CS wg he ee get a / Le Oh) «a |,SS /     如 近呈过三二症瑟      an / See SaeesUOrer    = / eS Orme ee TINO      二
c2:13600,c2,13600,Temenos Fear Aquifer,base-auto,gain fixed resources; extra conditional gain; choice/random/target needed,fearEssence resource,ajaiasacuann / EMENOS TEAR / AQUIFER / Gain 2 Fear Essence / resources. / €7E Gain+2Aasa / group.,Gain 2 Fear Essence        : / resources. / €JE Gain+2A asa / group., BB1212                 :
c2:13601,c2,13601,Pre-Eschaton Armory,base-auto,gain fixed resources; optional/alternate effect,warMachine resource,At a GI / PRE-ESCHATON / ARMORY / Gain 2 War Machine / resources. / Machine resources / instead. .,Gain 2 War Machine / resources. / Geri Gain 3 War / Machine resources / - instead. . / ine, BB1216
c2:13602,c2,13602,Temple of Ares,base-auto,gain fixed resources; extra conditional gain; choice/random/target needed,relief resource,呵到斯神殿 / TEMPLE OF ARES / Gain 2 Relief resources. /  Gain +1 Wasa / group. —,Gain 2 Relief resources. / GJIE Gain +1WVasa / group.,  BB1219
c2:13603,c2,13603,Temenos Mineshaft,base-auto,gain fixed resources; optional/alternate effect; alternate or bonus resource line,mazeFragment resource,a aarare / EMENOS / MINESHAFT / Gain 1 Maze Fragment / resource. / €J/® Gain 2 Maze / Fragment resources / ~ instead. / ei eee ee Ce”,Gain 1 Maze Fragment / resource. / €JE® Gain 2 Maze / Fragment resources / instead.,       BB1209
c2:13604,c2,13604,Weapons Workshop,base-auto,gain fixed resources; optional/alternate effect; alternate or bonus resource line,warMachine resource,Weipor / |             FAPONS / WORKSHOP / Gain 1 War Machine / resource. / 人ET Gain 2 War / Machine resources / instead. . / : ete es 机 -@.,Gain 1 WarMachine / resource. / Gitte Gain 2 War / Machine resources / Instead. . ， / | earshgra cays = a,  BB1215
c2:13605,c2,13605,Shrine To Ares,base-auto,gain fixed resources; optional/alternate effect; alternate or bonus resource line,relief resource,[So] Sq Ht HH See / SHRINE TO ARES / Gain 1 Relief resource. / VFriendly+) Gain 2 Relief / resources instead. /   BB1217,Gain 1 Relief resource. / GET Gain 2 Relief / resources instead.,  BB1217                          人
c2:13606,c2,13606,Temenos Pit,base-auto,gain fixed resources; choice/random/target needed,mazeFragment resource,AMET ie / TEMENOS PIT / Gain 2 Maze Fragment / resources. / GE Gain+iAasa / group. /   BB1211                                r,Gain 2 Maze Fragment / resources. / JE Gain+ifasa / group., BB1211
c2:13607,c2,13607,Temenos Mineshaft,base-auto,gain fixed resources; optional/alternate effect; alternate or bonus resource line,mazeFragment resource,erat asta / FMENOS / MINESHAFT / Gain 1 Maze Fragment / resource. /  Gain 2 Maze / Fragment resources / instead. . /   BB1210             ),Gain 1 Maze Fragment / resource. /  Gain 2 Maze / Fragment resources / instead. . /  wore en lg,    BB1210
c2:13608,c2,13608,Temple of Ares,base-auto,gain fixed resources; extra conditional gain; choice/random/target needed,relief resource,呵瑞斯神殿 / TEMPLE OF ARES / Gain 2 Relief resources. / GI Gain +1 asa / group.,Gain 2 Relief resources. / GIE Gain +1 asa / group. |                     :,  BB1220
c2:13609,c2,13609,Spartan Wreckage,base-auto,gain fixed resources; extra conditional gain; choice/random/target needed,"trireme resource, warTrireme resource",itaraa / PARTAN / WRECKAGE / Gain 4 War Trireme / resources. / GE Gain +1Aasa / group. / oo. / Se,Gain 4 War Trireme / resources. / €JED Gain+1 A asa / group., BB1229              人
c2:13610,c2,13610,Daedalus Laboratory,base-auto,gain fixed resources; optional/alternate effect; alternate or bonus resource line,warMachine resource,AEDALUS / LABORATORY / Gain 3 War Machine / resources. / vv Gain 4 War Machine / resources instead. /   BB1223                                   :,Gain 3 War Machine / resources. / €ME) Gain 4 War Machine / resources instead.,   BB1223
c2:13611,c2,13611,Cyclopean Temple of Hyperion,base-auto,gain fixed resources; extra conditional gain,relief resource,a BORE EC CEE / YCLOPEAN TEMPLE / OF HYPERION / Gain 3 Relief resources. / Gi 获得1个 / 独眼巨人牙齿稀有资源。 /   BB1225                          P,Gain 3 Relief reSOurcesS. / @G& 获得1个 / THER EA Aa te A,   BB1225                                                  人
c2:13612,c2,13612,Temenos Fear Aquifer,base-auto,gain fixed resources; extra conditional gain; choice/random/target needed,fearEssence resource,FEMENOs Pen / EMENOS FEAR / AQUIFER / Gain 2 Fear Essence / resources. / JE Gain+2A asa / group. /   BB1214,Gain 2 Fear Essence / _ resources， / €JE Gain+2Aasa / group.,  BB1214                            :
c2:13613,c2,13613,Palirroia Trireme,base-auto,gain fixed resources; loss or non-resource side effect; choice/random/target needed,"trireme resource, warTrireme resource",由里受亚战船 / PALIRROIA TRIREME / Gain 3 War Trireme / resources. / ~ @EB Lose -1 Titan. / '  BB1226,Gain 3 War Trireme / resources. / €JED Lose -1 Titan.,  BB1226
c2:13614,c2,13614,Daedalus Laboratory,base-auto,gain fixed resources; choice/random/target needed,warMachine resource,Guy iea / AEDALUS / LABORATORY / Gain 3 War Machine / resources. / JED Gain+1Aasa / group. / 了   的) 1 ae,Gain 3 War Machine / resources. / «JED Gaint+ifvasa / eroup.                    :,  BB1233                               人
c2:13615,c2,13615,Cyclopean Temple of Iapetus,base-auto,gain fixed resources; optional/alternate effect; extra conditional gain,relief resource,独眼 A 的伊阿珀托斯神殿 / YCLOPEAN / TEMPLE OF IAPETUS / Gain 4 Relief resources. / 名 Gain +1 (once / until the next Timeline / Battle). /    BB1232            ni,Gain 4 Relief resources. / SAME Gain +1 ch (once / until the next Timeline / Battle).,|  BB1232
c2:13616,c2,13616,Spartan Trireme,base-auto,gain fixed resources; loss or non-resource side effect,"trireme resource, warTrireme resource",斯巴达战船 / SPARTAN TRIREME / Gain 5 War Trireme / resources. /  Lose -1 YY’. / |  BB1238,Gain 5 War Trireme / resources. / CME) Lose -1 YW.,|   BB1238                                            4
c2:13617,c2,13617,Cyclopean Temple of Gaia,base-auto,gain fixed resources; loss or non-resource side effect,relief resource,TPR A BY ae A / YCLOPEAN / TEMPLE OF GAIA / Gain 5 Relief resources. / GIB Lose -3 V.,Gain 5 Relief resources. / JB Lose -3 VW., BB1235                      人
c2:13618,c2,13618,Shrine to Ares,base-auto,gain fixed resources; optional/alternate effect; alternate or bonus resource line,relief resource,So] Sn Sr HH SE / SHRINE TO ARES / Gain 1 Relief resource. / : Gain 2 Relief / resources instead. /   BB1218                             人,Gain 1 Relief resource. /  Gain 2 Relief / resources instead.,  BB1218                             f
c2:13619,c2,13619,Marathonian-Class Trireme,base-auto,gain fixed resources; choice/random/target needed,"trireme resource, warTrireme resource",马拉松级战船 / MARATHONIAN- / CLASS TRIREME / Gain 6 War Trireme / resources. / @I® Gain+l1Aasa / group. /   BB1234                                    人,Gain 6 WarTrireme / resources.               | / GJ Gain+ifasa / group.,   BB1234                                                           人
c2:13620,c2,13620,Bronze People Foundry,base-auto,gain fixed resources; optional/alternate effect; alternate or bonus resource line,warMachine resource,NCA BEA / BRONZE PEOPLE / FOUNDRY / Gain 5 War Machine / resources. / 2) Gain 6 War Machine / resources instead. / 人          . Ree  mt / a we     yee / |  BB1237                  ‘,Gain 5 WarMachine / resources. / CE Gain 6 War Machine / resources instead. / SG /  roe ace pee, BB1237
c2:13621,c2,13621,Cyclopean Shrine of Hyperion,base-auto,gain fixed resources; optional/alternate effect; alternate or bonus resource line,relief resource,‘ex 巨人 SU RANT IN / YCLOPEAN SHRINE / OF HYPERION / Gain 2 Relief resources. / GJ Gain 3 Relief / resources instead. /   BB1224,Gain 2 Relief resources. / €JED Gain 3 Relief / resources instead.,   BB1224
c2:13622,c2,13622,Temenos Fear Spring,base-auto,gain fixed resources; choice/random/target needed,fearEssence resource,Fri BAIR ZR / TEMENOS FEAR / SPRING / Gain 1 Fear Essence / resource. / @JE Gain+ifAAasa / group.,Gain 1 Fear Essence / resource. / ~>@E Gaint+tifasa / group.,  BB1213
c2:13623,c2,13623,Cyclopean Temple of Gaia,base-auto,gain fixed resources; extra conditional gain,relief resource,a 蕊人的盖亚神殿 / YCLOPEAN / TEMPLE OF GAIA | / Gain 5 Relief resources. / CED Gain +1 ¥. / ELL Ue ame nen et,Gain 5 Relief resources. _ / GME) Gain +1.,   BB1236                                            ‘
c2:13624,c2,13624,Cyclopean Shrine of Iapetus,base-auto,gain fixed resources; loss or non-resource side effect; choice/random/target needed,relief resource,sala GN SOA s\n / YCLOPEAN / SHRINE OF IAPETUS / Gain 3 Relief resources. / ~ @E Lose -1 Titan. /   BB1231           fe             |,Gain 3 Relief resources. / €JIEB) Lose -1 Titan. / ef Teen gous sg te, BB1231
c2:13625,c2,13625,Spartan Wreckage,base-auto,gain fixed resources; extra conditional gain; loss or non-resource side effect; choice/random/target needed,"trireme resource, warTrireme resource",SPAR TAR / PARTAN / VVRECKAGE / Gain 4 War Trireme / resources. / @JE® Lose -1 Titan. /   BB1230                                   人,Gain 4 War Trireme         | / resources. / JED Lose -1 Titan.,    BB1230                                                          人
c2:13626,c2,13626,White Trireme,base-auto,gain fixed resources; optional/alternate effect; alternate or bonus resource line,"trireme resource, warTrireme resource",白色战船 / WHITE TRIREME / Gain 2 War Trireme / resources. / ~~ GIB Gain 3 War Trireme / - resources instead.,‘Gain 2 War Trireme / resources. /  后必 Gain 3 War Trireme / resources instead.           :,、  BB1227                                             人
c2:13627,c2,13627,Palirroia Trireme,base-auto,gain fixed resources; optional/alternate effect; extra conditional gain; alternate or bonus resource line,"trireme resource, warTrireme resource",1G SW aA / PALIRROIA TRIREME / Gain 3 War Trireme / resources. / JE Gain 4 War Trireme / resources instead. / 、 BB1228            和,Gain 3 War Trireme         : / resources. / JE Gain 4 War Trireme / resources instead.,、 BB1228                              人
c2:13628,c2,13628,Titan,manual,choice/random/target needed,,"泰坦 / TITAN             , / Gain +1 Titan. / GE Gain +1Qasa / group. / ie CL a ane Cee",Gain +1 Titan.           uk / GED Cain+1QOasa / group. .,  BB1221
c2:13629,c2,13629,Untamed Titan,manual,choice/random/target needed,,AR WAR AS ZS t8 / UNTAMED TITAN / Gain +1 Titan. / «GEMM Gain +1Qasa / - group. / Ea a ee nee,Gain +1lTitan，          0 /  Gain+1Qasa / group. .               :,   BB1222                                            人
c2:13630,c2,13630,Argo Engines,manual,conditional effect,,"SABOTAGE: / ARGO ENGINES /                   a) RS 5 | / If you have 2+, lose -1 &. / If this ability didn't trigger, / gain +1]. / ¥€lelSabotage kA / 33) ar / BA / 移出卡组直到下一次定肝战斗 / \BB1244                                       )","If you howe or i, lose -1€. | / If this ability didn't trigger, / gain +1{P.",(33)  CHED « CID / MA / 多     T— Sat Be /  ep ose FA BSIT RE At ax}
c2:13631,c2,13631,Propylon,manual,conditional effect,,"SABOTAGE: / PROPYLON /       山门 / 如果你们有 1+, BEAL / 选择你们的一个阿尔蕊 / FLRE(AA) BHR. ERA! / 企时间表当前10天后记下 / 它的名称，作为事件。 / fPS-KAWARDR, C / 被修复可用。 / If this ability didn't trigger, / gain +1iP. / 洗右Sabotage卡组 / 改为 / 移出上大组直到下一次定肝战斗 /  BB1245","如果你们有 1+瘟 BEAL / 选择你们的一个阿尔式 / IZ AE(AA) EHX. ERAT! / 在时间表当前10天后记下 / 它的名称，作为事件。 / 在那一天的发展步骤，马 / 亿修复可用。 / If this ability didn't trigger, / oain pes    =",3.4)     CED «« CTD      8 /    移出卡组直到下一次定肝战半 / 本 mein erates caren ee
c2:13632,c2,13632,Triskelion System,manual,choice/random/target needed; conditional effect,,"SABOTAGE: / TRISKELION SYSTEM /                       三幅节系统 / If you have 1+{, lose -1 Titan. / _ If this.ability didn't trigger, / gain +1\P. / %# ElSabotage F 28 / 35) or / BA / 移出卡组直到下一次定肝战斗 / 。 BB1246                                       人","If you have 1+{, lose -1 Titan. / If this ability didn't trigger, / gain +1.",(35)     人 «JED      4 / BU ABS) PRES / Ya ae ieee On ee
c2:13633,c2,13633,Titan Armory,manual,choice/random/target needed; conditional effect,,"SABOTAGE: / TITAN ARMORY / 泰坦兵工厂 / If you have 2+ iP,                  2 / permanently lose a random ¢ / card from the Argo Armory. / If this ability didn't trigger, / gain +1. / 洗回Sabotage卡组 / 移出上组直到下一次定肝战斗 / , BB1247","If you have 2+ i,                   : / permanently lose a random ¢ / card from the Argo Armory. / If this ability didn't trigger, / gain +1).",©      CID»: (      6 / 移出卡组直到下一次定肝战半 / i Ge ee ea
c2:13634,c2,13634,Krypteia Assassination Attempt,manual,conditional effect,,SABOTAGE: / RRYPTA ASSASSINATION / 。， 克里普提和 “暗杀行动 / ”如果你们有1+引，随机选择 / 一名阿尔戈英雄获得本卡。 / 战斗期间: 每当你掷出关键 / 失手时，一名克里普提上暗杀 / 者攻击了同步浸池。 / 检定力量Fury(8+)。 / KM: (Rash RRR / 将本卡永久移出游戏并结算 / Rude Awakening特殊事件。 / CHEB or GIBB tose -1 > / @ 移出天绍直到 ere / Remove until the next /    BB1248         Timeline Battle.,如果你们有1+了向，随机选择 / 一名阿尔戈英雄获得本卡。 / 战斗期间: 每当你构出关键 / 失手时，一名克里普提了暗杀 / 者攻击了同步浸池。 / 检定力量Fury(8+)。 / KM: (RANBIR LRAT. / 将本卡永久移出游戏并结算 / Rude Awakening特殊事件。 / TAN    W/o Sil Oe      Bar eS,37) 移出卡组直到下一次定肝战半 8 / Remove until the next /      BB1248             Timeline Battle.
c2:13635,c2,13635,Ambrosia Spill,semi,resource named but amount/action needs review,ambrosia resource,神浆泄漏 / AMBROSIA SPILL / 根据你们的不稳定神浆资源数: / 0-15: #RAR SWE. / 16-25: 神浆团四处乱窜，杀 / 死了几名你的船员! 失去-1X. / 26+: 神浆团惯怒地攻击船体! / 失去-1他 并将你们的不稳定 / GED or GI Gain +1 A. / ee | / Remove until the next / ' BB1251    Timeline Battle.,根据你们的不稳定神浆资源数 / 0-15: #RAR EMME. / 16-25: 神浆团四处乱窜，杀 / 死了几名你的船员! 失去-1从 / 26+: 神浆团惯怒地攻击船体| / 失去-1多 并将你们的不稳定,移出卡组直到下一次定时战半 é / Remove until the next / . BB1251               Timeline Battle.
c2:13636,c2,13636,Black Sludge,review,effect text not matched by current rules,,Ae ELIE / BLACK SLUDGE / ”随机确定一个方向。在你们 / 当前地图板块的所选方向侧 / UREN iar. / 所有从当前板块通往该方向 / 的水路被封锁。 / 下一次定时战斗后弃置此 / ID or Gain +1 A. / 移出卡组直到 re / Remove until the next / '   BB1250         Timeline Battle.,随机确定一个方向。在你们 / 当前地图板块的所选方向例 / 边放置一枚人现指示物。 / 所有从当前板块通往该方向 / 的水路被封锁。 / 下一次定时战斗后奔置此 / igri. / W/74) or 人(全 Gain +1 心.,移出卡组直到下一次定肝战半 中 / Remove until the next / BB1250               Timeline Battle.
c2:13637,c2,13637,Cackle,manual,external card/story effect,,Ar / 人 IB / GED Resolve an additional 的) / Tt is ae Ate ay ee / 人                        六 / 移出 sa ww:间 / Remove until the next / '   BB1243       Timeline Battle.                人,"CW /8+) Resolve an additional / 有  &, Y             *   1   .   .              » @  Pr / werk oy  Roath  REO / 人  Ai Secon >t aie ao ens Avo, / 。 i okie a tee RE aR Cae 。",移出卡组直到下一次定肝战半 8 / Remove until the next /      BB1243              Timeline Battle.
c2:13638,c2,13638,Private Lesson,review,effect text not matched by current rules,,"私人授课 / PRIVATE LESSON / Atthe end of the current / step, go to the Cruel / - Lesson Battle. / QED At the start of this / battle, Escalate 1. / 永久移出卡组 / Remove from the deck / '   BB1252        permanently.","At the end of the current / step, go to the Cruel / Lesson Battle. / HED At the start of this / battle, Escalate 1.",KABH EH    8 / Remove from the deck /     BB1252             permanently.                          ’
c2:13639,c2,13639,Moral Erosion,review,effect text not matched by current rules,,道德侵蚀 / MORAL EROSION / Gain +1 A or lose -1 / Humanity. / @JE Gain +1 V’. / @/I® Gain +1 V. / 移出卡组直到 re 3 / Remove until the next /    BB1249       Timeline Battle.               f,Gain +1 A or lose -1       : / Humanity. / 的 Gain +1 VW. / CID Gain +1 Y.,移出卡组直到下一次定时战半 @ / Remove until the next / . BB1249              Timeline Battle.
c2:13640,c2,13640,Smugglers,review,effect text not matched by current rules,,"iz, / gS g / R 疙 / 局 与 = / SO / REX SD / Ned  = / 5Se9 / egos / Z2EB / px    SEs / 2    w= E90   SS / J  o    On  Ae / x  g    AS ro  42 5 / E    wise =  = / Ls    th / f  =    Sad  tw & / RGD   = / °    So 二  RS / 2     aS fe)   4 = / = o  EOES  | 二 / ma (=) 2 335   E / pape eS  Cs / 以  oO 二 Fre a0  mS / LL)  S 总 L2535  Ke / Sp2eTS5 200  i / UO  Gs SOR  ms / oes l= ofS 、  se / ae ea5ee  Qs / 5 2ese ces  ve / = Beets sa   : / WD  = pb 5§sze / wp EE ASSOnS / bees VEE / S SRGELROS / BS=Scsouss   8 / eRe oe  a>>   al / mee SLO   = / oO / oa)",QO =.= / 和二 局 / Qe oy / See / e2Eexz / 办      第一已区   EN / NN    一、          色   as / ll    六      6208 / =      一 DED   也 / nd / 9    Bpaes / Ss oe Sats   IK / Oo @      a / Mme > 5 £2535 a / =  SS  eS Ss   oo / —   Sewmeoa Ss BGOM   NI / x SS GLSiKV. | / ~   和AT Pei,a ee eS a a / SEESESSSS 86 Of / ®  人     i) / SsSssesOmss   nN
c2:13641,c2,13641,Spy Network,manual,choice/random/target needed,,[ea] Fe DZ / Spy NETWORK / Gain +1. /  Roll a d10. On 8+ / gain +1 cb. / 移出卡组直到 errr / Remove until the next / |   BB1242       Timeline Battle.               f,Gain+1%.°             : /  Roll a d10. On 8+ / gain +1 ch.,移出卡组直到 ene / Remove until the next / )     BB1242               Timeline Battle.
c3:13500,c3,13500,,base-auto,gain fixed resources; extra conditional gain; choice/random/target needed,skinOfMalice resource,深渊聆听 / ABYSS LISTENS / Gain 2 Skin of Malice / resources. / CEM Gain +1 A as / a group. / CB1639,Gain 2 Skin of Malice / resources. / Ofte» Gain +1A\ as / a group.,CB1639
c3:13501,c3,13501,,base-auto,gain fixed resources; optional/alternate effect; alternate or bonus resource line,daedalusMakina resource,ARE BY A Hie J / PREESCHATON / FOUNDRY / Gain 2 Daedalus Makina / resources. / Cites» Gain 1 Daedalus / Makina resource instead. / CB1643,Gain 2 Daedalus Makina / resources. / Girma Gain 1 Daedalus / Makina resource instead.,CB1643
c3:13502,c3,13502,,base-auto,gain fixed resources; extra conditional gain; choice/random/target needed,sirenshell resource,ain Al) ET AH ES / TEMPLE OF HELIOS / Gain 2 Sirenshell / resources. /  Gain +1 as / a group.,Gain 2 Sirenshell / resources. / CT Gain +1 Vas / a group. /  e.,CB1646
c3:13503,c3,13503,,base-auto,gain fixed resources; optional/alternate effect; alternate or bonus resource line,livingAbyss resource,深渊诉这 / ABYSS SPEAKS / Gain 2 Living Abyss / resources. /       fm Gain 3 Living / Abyss resources instead. / CB1636,Gain 2 Living Abyss / resources. / GIST Gain 3 Living / Abyss resources instead.,CB1636
c3:13504,c3,13504,,base-auto,gain fixed resources; optional/alternate effect; alternate or bonus resource line,daedalusMakina resource,的 /            IDDEN / WORKSHOP / Gain 1 Daedalus Makina / resource. / CE Gain 2 Daedalus / Makina resources instead. / CB1642,Gain 1 Daedalus Makina / resource. / Ga Gain 2 Daedalus / Makina resources instead.,CB1642
c3:13505,c3,13505,,base-auto,gain fixed resources; optional/alternate effect; alternate or bonus resource line,sirenshell resource,ar Fl) RE AR SS / SHRINE TO HELIOS / Gain 1 Sirenshell resource. /  Gain 2 Sirenshell / resources instead. / CB1644,Gain 1 Sirenshell resource. /  Gain 2 Sirenshell / resources instead.,CB1644
c3:13506,c3,13506,,base-auto,gain fixed resources; extra conditional gain; choice/random/target needed,livingAbyss resource,ABYSS COMMANDS / Gain 2 Living Abyss / resources. /  Gain +1 Qas / a group. Gain as manyA / as a group as you have / total Q as a group. / CB1638,Gain 2 Living Abyss / resources. /  Gain +1 QO as / a group. Gain as many A / as a group as you have / total O as a group.,CB1638
c3:13507,c3,13507,,base-auto,gain fixed resources; optional/alternate effect; alternate or bonus resource line,livingAbyss resource,深渊低语 / ABYSS WHISPERS / Gain 1 Living Abyss / resource. / GET Gain 2 Living / Abyss resources instead. / CB1637              :,Gain 1 Living Abyss / resource. / Gis Gain 2 Living / Abyss resources instead.,CB1637
c3:13508,c3,13508,,base-auto,gain fixed resources; extra conditional gain; choice/random/target needed,sirenshell resource,RA RET RRR / TEMPLE OF FIELIOS / Gain 2 Sirenshell / resources. /  Gain +1 as / a group. / re,Gain 2 Sirenshell / resources. / OP Gain +1 W as / a group.,CB1647
c3:13509,c3,13509,,base-auto,gain fixed resources; extra conditional gain; choice/random/target needed,hyperboreanAlloy resource,FRA RSG / HYPERBOREAN / RUINS / Gain 2 Hyperborean Alloy / resources. /  Gain +1 A. as / a group. / CB1666,Gain 2 Hyperborean Alloy / resources. /  Gain +1 A as / a group.,CB1666
c3:13510,c3,13510,,base-auto,gain fixed resources; optional/alternate effect; extra conditional gain,daedalusMakina resource,代达罗斯考古工坊 / AXEDALUS / ARCHARTIFICERY / Gain 3 Daedalus Makina / resources. /  Gain +1 (once / until the next Timeline / Battle). . / CB1669           —,Gain 3 Daedalus Makina / resources. /  Gain +10 (once / until the next Timeline / Battle). .,CB1669
c3:13511,c3,13511,,base-auto,gain fixed resources; alternate or bonus resource line,sirenshell resource,32 -E AN EIA B35 aR / SIREN TEM PLE OF / HYPERION / Gain 3 Sirenshell / resources. /  Gain 1 Antedeluvian / Sirenshell Rare resource. / CB1676,Gain 3 Sirenshell / resources. / | Gain 1 Antedeluvian / Sirenshell Rare resource.,CB1676
c3:13512,c3,13512,,base-auto,gain fixed resources; extra conditional gain; choice/random/target needed,skinOfMalice resource,BYSS / CONTEMPLATES / Gain 1 Skin of Malice / resource. /  Gain +1 A as / a group. / CB1641,Gain 1 Skin of Malice / resource. /  Gain +1 Aas / a group.,CB1641
c3:13513,c3,13513,,base-auto,gain fixed resources; loss or non-resource side effect; choice/random/target needed,hyperboreanAlloy resource,远古仓库 / ANCIENT / REPOSITORY / Gain 3 Hyperborean Alloy / resources. / GE Lose -1 Titan. / CB1664          7,Gain 3 Hyperborean Alloy / resources. / €Xiiz Lose -1 Titan.,CB1664
c3:13514,c3,13514,,base-auto,gain fixed resources; loss or non-resource side effect,hyperboreanAlloy resource,远古仓库 / ANCIENT / REPOSITORY / Gain 3 Hyperborean Alloy / resources. /  Lose -1 €. / 了,Gain 3 Hyperborean Alloy / resources. /  Lose -1€.,CB1668
c3:13515,c3,13515,,base-auto,gain fixed resources; optional/alternate effect,sirenshell resource,AR IR SASF Bo) SAFE Hee / PORCOTIEN TEMPLE / OF IAPETUS  - / Gain 2 Sirenshell / resources. /  Place 1 ¥ on Inward / Odyssey (once until the / next Timeline Battle). / CB1675,Gain 2 Sirenshell / resources. /  Place 1 ¥ on Inward / Odyssey (once until the / next Timeline Battle).,CB1675
c3:13516,c3,13516,,base-auto,gain fixed resources; extra conditional gain; choice/random/target needed,hyperboreanAlloy resource,At XA 图记忆 / HYPERBOREAN / LIBRARY / Gain 4 Hyperborean Alloy / resources. /  Gain +1 A as / a group. / CB1663,Gain 4 Hyperborean Alloy / resources. /  Gain +1 A as / a group.,CB1663
c3:13517,c3,13517,,base-auto,gain fixed resources; extra conditional gain,sirenshell resource,Coe eee / RAND IHOLOS / OF HELIOS / Gain 4 Sirenshell / resources. /  Gain +1 A. / CB1674          |,Gain 4 Sirenshell / resources. / (etmner® Gain +1 A.,CB1674
c3:13518,c3,13518,,base-auto,gain fixed resources; optional/alternate effect; alternate or bonus resource line,sirenshell resource,‘bak Fl) RT A SE / SHRINE TO HELIOS / Gain 1 Sirenshell resource. /  Gain 2 Sirenshell / resources instead. / CB1645,Gain 1 Sirenshell resource. /  Gain 2 Sirenshell / resources instead.,CB1645
c3:13519,c3,13519,,base-auto,gain fixed resources; loss or non-resource side effect,hyperboreanAlloy resource,冻士人网书馆 / HYPERBOREAN / LIBRARY / Gain 4 Hyperborean Alloy / resources. /  Lose -1 YW. / CB1662,Gain 4 Hyperborean Alloy / resources. / : Lose -1 YW.,CB1662
c3:13520,c3,13520,,base-auto,gain fixed resources; extra conditional gain,daedalusMakina resource,Dey (aT eae / AEDALUS / ARCHARTIFICERY / Gain 3 Daedalus Makina / resources. /  Gain +1 ¥. / CB1670            /,Gain 3 Daedalus Makina / resources. / GT) Gain +1 ¥.,"本  . ""¢@           Lt . ‘   e / CB1670"
c3:13521,c3,13521,,base-auto,gain fixed resources; optional/alternate effect; extra conditional gain,sirenshell resource,City tee / RAND TEMPLE / OF HELIOS / Gain 3 Sirenshell / resources. / You may gain +3 YW to / gain +1 Priest. / CB1673           wo,Gain 3 Sirenshell / resources. / You may gain +3 W to / gain +1 Priest. / 对,CB1673
c3:13522,c3,13522,,base-auto,gain fixed resources; optional/alternate effect; alternate or bonus resource line,skinOfMalice resource,深渊思虑 / ABYSS / CONTEMPLATES / Gain 1 Skin of Malice / resource. /  Gain 2 Skin of / Malice resources instead. / CB1640,Gain 1 Skin of Malice / resource. /  Gain 2 Skin of / Malice resources instead.,CB1640
c3:13523,c3,13523,,base-auto,gain fixed resources; loss or non-resource side effect,hyperboreanAlloy resource,毁坏 和 / RUINED FIYYPERBOREAN / METROPOLIS / Gain 5 Hyperborean Alloy / resources. /  Lose -1 %. / CB1661,Gain 5 Hyperborean Alloy / resources. /  Lose -1 Y.,CB1661
c3:13524,c3,13524,,base-auto,gain fixed resources; extra conditional gain,daedalusMakina resource,青铀人军哈室 / BRONZE PEOPLE / LABORATORY / Gain 5 Daedalus Makina / resources. / OST Gain +16. / CB1671             ),Gain 5 Daedalus Makina / resources. / (Erner® Gain +116.,CBi671
c3:13525,c3,13525,,base-auto,gain fixed resources; extra conditional gain,sirenshell resource,7 AME Be / YPERBOREAN / TEMPLE OF CRONUS / Gain 5 Sirenshell / resources. /  Gain +116. / CB1672           i,Gain 5 Sirenshell / resources. / Garin Gain +116.,CB1672            )
c3:13526,c3,13526,,base-auto,gain fixed resources; extra conditional gain,hyperboreanAlloy resource,飞空摇篮 / SOARING CRADLE / Gain 6 Hyperborean Alloy / resources. /  Gain +1 VW. / CB1665,Gain 6 Hyperborean Alloy / resources. /  Gain +1 V.,CB1665
c3:13527,c3,13527,,base-auto,gain fixed resources; alternate or bonus resource line,"daedalusMakina resource, sirenshell resource",冻本人的柯罗诸斯神殿 / FIVBERBOREAN / TEMPLE OF CRONUS / Gain 5 Sirenshell / resources. / Grey Gain 1 Daedalus / Makina resource.,Gain 5 Sirenshell / resources. /  Gain 1 Daedalus / Makina resource.,CB1667
c3:13528,c3,13528,,manual,choice/random/target needed,,#18 / TITAN / Gain +1 Titan. /  Gain +1 Qasa / group.,Gain +1 Titan. /  Gain+1Qasa / eroup.,CB1648
c3:13529,c3,13529,,manual,choice/random/target needed,,未驯服的泰坦 / UNTAMED TITAN / Gain +1 Titan. /  Gain +1Qasa / group. / (ss BLOG| gyccite sa RR,Gain +1 Titan. /  Gain +1Qasa / group.,CB1649
c3:13530,c3,13530,,manual,choice/random/target needed; external card/story effect,,4而 777 / 德尔菲人舰队 / DELPHIAN FLEET / Resolve an effect based on your / Diplomacy with Delphians. / LD Gain +1 Y. / GIETIND Gain +1 Titan. / 人uc多Each Argonaut gains +1 A. / CONTEND Gain +1 YY. / X Denounced J Lose -1 Titan. /  Lose -1€. / 7/74) Random Argonaut gains 1 / Fated Mnemos card. / (32) 移出上组直到下一次定肝战斗 8 / Remove until the next / CB1658           Timeline Battle.,Resolve an effect based on your / Diplomacy with Delphians. /  Gain +1 Y. /  Gain +1 Titan. /  Each Argonaut gains +1 A /  Gain +1 WY. / ‘ Denounced} Lose -1 Titan. /  Lose -1 €.,@ sutaanr—xeney @ / Remove until the next / CB1658               Timeline Battle.
c3:13531,c3,13531,,manual,choice/random/target needed; external card/story effect,,Teaver / WILIGHT / PATHFINDER / Resolve an effect based on your / Diplomacy with the Twilight Watch. / CNT) Gain +1 %. /  Gain +1 Frozen Time. / CEMED Gain +1’. / ’ Unfriendly Senna SS /  Gain +218. /  Lose -1X. / W774) Random Argonaut gains 1 / Fated Mnemos card. / Remove until the next / CB1659           Timeline Battle.,Resolve an effect based on your / Diplomacy with the Twilight Watch. /  Gain +1 次. /  Gain +1 Frozen Time. /  Gain +1 YW. /  Gain +1. /  Gain +2 (6. /  Lose -1 2.,@ v1 :2227-x2001§ / Remove until the next / CB1659               Timeline Battle.
c3:13532,c3,13532,,manual,choice/random/target needed; external card/story effect,,HELIAN HOLY / ADJUDICATORY / Resolve an effect based on your / Diplomacy. with the Sunheirs. / 《TRY Gain +1 and +1 1B. / 人 Friendly ) Place 1% on / Inward Odyssey. / ‘ Neutral Each Argonaut gains +1 出 / (CU Gain +1 YY. / Ores) Lose -1 XM or -1€. / GZ Gain +14. / CHEB Random Argonaut gains 1 / Fated Mnemos card. / Remove until the next / CB1660           Timeline Battle.,Resolve an effect based on your / Diplomacy. with the Sunheirs. / CTE) Gain +1 and +118. / ‘ Friendly } Place 1 @ on / Inward Odyssey. /  Each Argonaut gains + 1 WY. /  Gain +1 YY. /  Lose -1 % or -1€. /  Gain +1.,@) surat —xenny ¢ / Remove until the next / CB1660               Timeline Battle.
c3:13533,c3,13533,,manual,external card/story effect,,"Ar / 人 es / CHEB Resolve an additional @). / 。 o  ec.    oem    ae  Re / ”了 Md            *            BY tte 号  , / 7   rf . = 。 Pos : eS is  ‘ / 移出卡组直到下一次定时战半 4 / Remove until the next / CB1651               Timeline Battle.",8 Resolve an additional / em  区  “  saat / fs NTE                     NEP igen,移出卡组直到下一次定时战半 4 / Remove until the next / CB1651               Timeline Battle.
c3:13534,c3,13534,,manual,conditional effect,,"契订夫的太阳 / CHEKHOV'S SUN / @E Lose -1.Frozen Time and / either -1 ¥€ or -1 €. If this ability / didn't trigger, gain +1 iB. / @&® 有2张回忆卡 / 且回忆节点总数最多的 / 一名阿尔戈英雄将它的 / 回忆卡节点数量互相交换。 / 在之后的故事步骤中 / 结算因此导致的回忆突破。 / BiH KA BB R—KEA AAS ¢ / Remove until the next / CB1657            Timeline Battle.","3/34) Lose 1  Frozen Time and / either -1 4 or -1 €. If this ability / didn't trigger, gain +1 IB. / GB 有2张回忆卡 / 且回忆节点总数最多的 / 一名阿尔戈英雄将它的 / 回忆卡节总数量互相交换。 / 在之后的故事步骤中",it KA BF RE AAS  ¢ / Remove until the next / CB1657                Timeline Battle.
c3:13535,c3,13535,,manual,choice/random/target needed,,he zt   损  、 / ENTROBY's / EMBRACE / Each Argonaut gains as many / W and/or A\ as you have IB. / Then lose -21B. / CHED or EID Lose -1 €. / BUKABE K—KEAT RA ¢ / Remove until the next / CB1656           Timeline Battle.,Each Argonaut gains as many / W and/or A\ as you have IB. / Then lose -2 (6. / 人局 or EID Lose -1 €.,移出卡组直到下一次定肝战阅 @ / Remove until the next / CB1656               Timeline Battle.
c3:13536,c3,13536,,manual,conditional effect,,"[AST-FORWARDED / @E Lose -218 and gain / +14. / If this ability didn't trigger, / gain +1 and remove this / card until the next Timeline / Battle. / KA BH KA / = 个 为移出 不组直到下一次定时战斗","@IED Lose -2 16 and gain / +1 A. / _ If this ability didn t trigger, / gain + 1[b3.and remove this / card until the next Timeline / Battle.",IKA #3 1 KZ / as.en 和 / op eH 大组直到下一次害肝战斗
c3:13537,c3,13537,,review,effect text not matched by current rules,,"恒 / 同    S 所 / BS ® / a ee   = 2 / AN  必] / SI =  Shs § = / maf, pfete S / > = oO <s 全 / = S 号RS / wae © 68 Segse & / Yo) 4 <x S88 5 / iS <6v 2 g / a 22, e5e55 & / a S258 8a se : / SSRESSL4GS 六 / md O55 Be ess 和 / C) eSecauges : / wes Farceey WU / EES BLO 5 / ASRS ROUND SAM l=  S / Doo AO Fe S / [一 CRO = OS 从一从 / See as e 有 / Zz  云云全SSS人法 / Fest ESSE 从 / <I SSS 45 0085 / PM SS Sa ee ES / > meeeee eee / ESSESESES / Ss aASBEGHS / Zz. eee oes / SPE AAO Seg 5 / & AQOmrke S / CO Sm est ees cae = / =  = / ston CQ / S)",<o        SS a / 2 = /       ieee / D    ee Sh oe / © / S48 Saos s / D   c= J 三:ES GUN / >   tp  ws <et6ne20 /  Es Oe he / Saez St 55 / yy  aes o2 8M a x / ESS note reed emet i) 1 igeg nh Arner / LL)  S—-2@Sstsati veg / a  SCODERNZES / Ww  A  (S) / GOO = Ss 5 SS / Yih heey 4 & he O / RO Ae / 从  A A / VE OMe CL eee,bp Bw noes os / re Ae yeh pyc be / SEES eess AS / oes se AO) Octoen- co  = / eB OD SR me IO  名
c3:13538,c3,13538,,manual,conditional effect,,"‘Alas / REWOUND / @IE® Lose -118 and return / to the previous tile (treat this / tile as. explored). / If this ability didn't trigger, / gain +1 [6 and remove this / card until the next Timeline / Battle. / 永久移出上组 / 7 AAG HH FEF K—-RE A ARAL","@SIE® Lose -1 18 and return / to the previous tile (treat this / tile as.explored). / If this ability didn t trigger, / gain +1[6 and remove this / card until the next Timeline / Battle.",IK A #3 i ZA /  am § / ae X ApH 大组直到下一次害肝战斗
c3:13539,c3,13539,,manual,choice/random/target needed,,"间谍网络 / SPY NETWORK / Gain +1 ¥. / 《人mey Roll a d10. On 8+, / gain +1 cb. / 移出卡组直到下一次定时战半 8 / Remove until the next / CB1650               Timeline Battle.","Gain +18. /  Roll a d10. On 8+, / gain +1 cb.",移出卡组直到下一次定肝战半 é / Remove until the next / CB1650                Timeline Battle.
c3:13540,c3,13540,,manual,conditional effect,,"ee [ol ig A / TIGHTENING THE / LOOP / @JED Lose -218 and lower / your Loop Length by 1. / If this ability didn't trigger, / gain + 1[63.and remove this / card until the next Timeline / Battle. / 永久移出卡组 / op ee 不组直到下一次定时战斗","@E® Lose -2(8 and lower / your Loop Length by 1. / If this ability didn't trigger, / gain +1 [6s.and remove this / card until the next Timeline / Battle.",IRA FF OR ZA / GD.GD 和 / op nH 不组直到下一次害肝战斗
c3:13541,c3,13541,,manual,conditional effect; external card/story effect,,"明日双绿 / TOMORROW'S / [EDGE / If on a $& Map Tile: Gain +1. / @E See the Tomorrow's / Edge special event. / If this ability didn't trigger, / gain +1[$ and remove this / card until the next Timeline / Battle. / KABA / 移出卡组直到下一次定肝战斗 / CB1652","If on a 3 Map Tile: Gain +118 / @E See the Tomorrow's / Edge special event. / If this ability didn't trigger, / gain + 1 [68 and remove this / card until the next Timeline / Battle.",AKA 12 HB 2H / GD § / fe FA BIT — REM / CB1652
