key,cycle,card_id,name,image_path,automation_bucket,base_effect_type,base_amount,base_target,base_resource_key,base_resource_name,base_raw_text,conditional_effects,requires_choice,choice_prompt,requires_state_check,state_key,timing,can_apply_automatically,confidence,needs_icon_review,notes,ocr_full
c1:6400,c1,6400,Dog Days,D:\download\ato2\ATO\assets\exploration-cards\c1\6400.png,manual,,,,,,,,,,yes,,on_settle,no,,yes,,坏日子 / Doc Days / 每有3 全，失去-1汉， / 如果没有失去兴， / RS +1 & / GIB Gain +2&. / 移出卡组直到下一次定时战斗 8 / Remove until the next / AB0075            Timeline Battle.
c1:6401,c1,6401,Minoan Fleet,D:\download\ato2\ATO\assets\exploration-cards\c1\6401.png,base-auto,gain_resource,4,argo_resources,,Trireme,Gain 4 Trireme resources,,no,,yes,,on_settle,yes,medium,yes,,米诺斯人舰队 / MINOAN FLEET / ARE EMSA eT A BS be /  Gain +1 €. /  Gain 4 Trireme resources. /  Each Argonaut gains +1 A. /  Gain +1 Y’. / { Denounced) ) Lose -1 Titan. /  Lose -1€. / CID 随机一名阿尔戈英雄 / 获得1枚绝望指示物。 / 29) Bill RAH BF —REAES 4 / Remove until the next / AB0076           Timeline Battle.
c1:6402,c1,6402,Hornsworn Fleet,D:\download\ato2\ATO\assets\exploration-cards\c1\6402.png,manual,,,,,,,,,,yes,,on_settle,no,,yes,,角碑者舰队 / HORNSWORN FLEET / ARES SSN be / 关系结算一项效果。 / Allied) ) Gain +1 %. / ‘ Friendly ) Chosen Argonaut gains 1 / Mnemos node. / ‘Neutral ) ) Chosen Argonaut gains +1 A. / {Denounced cn :2 / CR Lose -1X. / OG 随机一名阿尔戈英雄 / 获得1枚绝望指示物。 / 办 移出 eanarr vans / Remove until the next / AB0077              Timeline Battle.
c1:6403,c1,6403,Labyrinthian Vessel,D:\download\ato2\ATO\assets\exploration-cards\c1\6403.png,base-auto,,,,,,,,no,,yes,,on_settle,no,,yes,,"迷宙徒轮船 / LABYRINTHIAN / VESSEL / 根据你们与迷宫徒的外交 / 关系结算一项效果。 / (Allied) Gain +1 and +1. / Qari"" Gain 1 Calcified / Knuckle Bone or Fleshy Mantle / resource and +1 &. / { Neutral ] ) Each Argonaut gains +1. / \ Unfriendly Zerg a) / { Denounced} ) At the start of the next / Timeline Battle, Escalate 1. / REED Cain +1 A. / CID 随机一名阿尔戈关雄 / 获得1枚绝望指示物。 / 31) 移出卡组直到下一次定时战斗 / Remove until the next / AB0078             Timeline Battle."
c1:6404,c1,6404,Trade Post,D:\download\ato2\ATO\assets\exploration-cards\c1\6404.png,base-auto,gain_resource,1,argo_resources,,Trireme,Gain 1 Trireme resource,,no,,yes,,on_settle,yes,medium,yes,,贸易站 / TRADE POST / Gain 1 Trireme resource. / GIST Gain 2 Trireme / resources instead. / ABO079
c1:6405,c1,6405,Trade Post,D:\download\ato2\ATO\assets\exploration-cards\c1\6405.png,base-auto,gain_resource,1,argo_resources,,Trireme,Gain 1 Trireme resource,,no,,yes,,on_settle,yes,medium,yes,,贸易站 / TRADE POST / Gain 1 Trireme resource. /  Gain 2 Trireme / resources instead. / ABO080
c1:6406,c1,6406,Fishing Pier,D:\download\ato2\ATO\assets\exploration-cards\c1\6406.png,base-auto,gain_resource,2,argo_resources,,Trireme,Gain 2 Trireme resources,,no,,yes,,on_settle,yes,medium,yes,,渔码头 / FISHING PIER / Gain 2 Trireme resources. /  Chosen / Argonaut gains +1 A. / AB0081
c1:6407,c1,6407,Trireme Wreck,D:\download\ato2\ATO\assets\exploration-cards\c1\6407.png,base-auto,gain_resource,2,argo_resources,,Trireme,Gain 2 Trireme resources,,no,,yes,,on_settle,yes,medium,yes,,战船残骸 / TRIREME WRECK / Gain 2 Trireme resources. /  Chosen / Argonaut gains +1 A. / ， 9) a / ABO0082          |
c1:6408,c1,6408,Trireme Wreck,D:\download\ato2\ATO\assets\exploration-cards\c1\6408.png,base-auto,gain_resource,2,argo_resources,,Trireme,Gain 2 Trireme resources,,no,,yes,,on_settle,yes,medium,yes,,AKAGI BX / TRIREME WRECK / Gain 2 Trireme resources. /  Chosen / Argonaut gains +1 A. / AB0083
c1:6409,c1,6409,Smithy,D:\download\ato2\ATO\assets\exploration-cards\c1\6409.png,base-auto,,,,,,,,no,,yes,,on_settle,no,,yes,,铁斤铺 / SMITHY / Gain 1 Armament / resource. / GET Gain 2 / Armament resources / instead. / AB0084
c1:6410,c1,6410,Smithy,D:\download\ato2\ATO\assets\exploration-cards\c1\6410.png,base-auto,,,,,,,,no,,yes,,on_settle,no,,yes,,=       = / $k LL $8 / SMITHY / Gain 1 Armament / resource. / GENT Gain 2 / Armament resources / instead. . / ° : (ee / AB0085            炒
c1:6411,c1,6411,Weapons Cache,D:\download\ato2\ATO\assets\exploration-cards\c1\6411.png,base-auto,,,,,,,,no,,yes,,on_settle,no,,yes,,BE SS / 车南库 / WEAPONS CACHE / Gain 2 Armament / resources. / { Denounced-eziiam / Armament resource / instead. . / ¥; eR zi  人 / AB0086
c1:6412,c1,6412,Abandoned Shrine,D:\download\ato2\ATO\assets\exploration-cards\c1\6412.png,base-auto,,,,,,,,no,,yes,,on_settle,no,,yes,,废弃神盒 / _ ABANDONED / SHRINE / Gain 1 Monument / resource. / GED Gain 2 / Monument resources / instead. / AB0087
c1:6413,c1,6413,Abandoned Shrine,D:\download\ato2\ATO\assets\exploration-cards\c1\6413.png,base-auto,,,,,,,,no,,yes,,on_settle,no,,yes,,RFS / ABANDONED / SHRINE / Gain 1 Monument / resource. /  Gain 2 / Monument resources / instead. / ABO088
c1:6414,c1,6414,Temple Ruins,D:\download\ato2\ATO\assets\exploration-cards\c1\6414.png,base-auto,,,,,,,,no,,yes,,on_settle,no,,yes,,Xx    WL  = / 48H FEY a Se / TEMPLE RUINS / Gain 2 Monument / resources. / (YY Chosen / Argonaut gains +1 . / =  : @) pe / AB0089             7
c1:6415,c1,6415,Temple Ruins,D:\download\ato2\ATO\assets\exploration-cards\c1\6415.png,base-auto,,,,,,,,no,,yes,,on_settle,no,,yes,,神殿废墟 / TEMPLE RUINS / Gain 2 Monument / resources. / ite» Chosen / Argonaut gains +1 W. / ABO090          ae
c1:6416,c1,6416,Titan,D:\download\ato2\ATO\assets\exploration-cards\c1\6416.png,manual,gain_titan,1,argo_track,,,Gain +1 Titan,,,,yes,,on_settle,no,medium,yes,,泰坦 / TITAN / Gain +1 Titan. / :    (Friendly      ‘= Chosen / Argonaut gains +1). / ABO091
c1:6417,c1,6417,Abandoned Fleet,D:\download\ato2\ATO\assets\exploration-cards\c1\6417.png,base-auto,gain_resource,3,argo_resources,,Trireme,Gain 3 Trireme resources,,no,,yes,,on_settle,yes,medium,yes,,废弃舰队 / ABANDONED FLEET / Gain 3 Trireme resources. / CT Gain +1'V / AB0092                             |
c1:6418,c1,6418,Old Armory,D:\download\ato2\ATO\assets\exploration-cards\c1\6418.png,base-auto,,,,,,,,no,,yes,,on_settle,no,,yes,,IAAT / OLD ARMORY / Gain 3 Armament / resources. / Wit) Gain 4 Armament / resources instead. / ”  ‘of . (&) 志和 / AB0093
c1:6419,c1,6419,Hidden Temple,D:\download\ato2\ATO\assets\exploration-cards\c1\6419.png,base-auto,,,,,,,,no,,yes,,on_settle,no,,yes,,隐秘神殿 / HIDDEN TEMPLE / Gain 3 Monument / resources. /   ite» Gain +1A. / AB0094
c1:6420,c1,6420,Abandoned Fleet,D:\download\ato2\ATO\assets\exploration-cards\c1\6420.png,base-auto,gain_resource,3,argo_resources,,Trireme,Gain 3 Trireme resources,,no,,yes,,on_settle,yes,medium,yes,,废弃舰队 / ABANDONED FLEET / Gain 3 Trireme resources. / 人CR Lose -1 Titan. / AB0095
c1:6421,c1,6421,Desecrated Temple,D:\download\ato2\ATO\assets\exploration-cards\c1\6421.png,base-auto,,,,,,,,no,,yes,,on_settle,no,,yes,,FE HR / LD ESECRATED / TEMPLE / Gain 2 Monument / resources. /  Gain +1#. / AB0096
c1:6422,c1,6422,Shipyard,D:\download\ato2\ATO\assets\exploration-cards\c1\6422.png,base-auto,gain_resource,4,argo_resources,,Trireme,Gain 4 Trireme resources,,no,,yes,,on_settle,yes,medium,yes,,"N+ / 造船三 / SHIPYARD » / Gain 4 Trireme resources. / Ofte Chosen / Argonaut gains +1 A. / 。 ae =the :   ""te / BRE bs ee / AB0097              |"
c1:6423,c1,6423,Shipyard,D:\download\ato2\ATO\assets\exploration-cards\c1\6423.png,base-auto,gain_resource,4,argo_resources,,Trireme,Gain 4 Trireme resources,,no,,yes,,on_settle,yes,medium,yes,,SHE / 造船厂 / SHIPYARD / Gain 4 Trireme resources. © / GEEZ Chosen / Argonaut gains +1 A. / AB0098
c1:6424,c1,6424,Weapons Cache,D:\download\ato2\ATO\assets\exploration-cards\c1\6424.png,base-auto,,,,,,,,no,,yes,,on_settle,no,,yes,,WEAPONS CACHE / Gain 3 Armament / resources. / Getter Chosen / Argonaut gains +1 A. / ABO0099
c1:6425,c1,6425,Desecrated Temple,D:\download\ato2\ATO\assets\exploration-cards\c1\6425.png,base-auto,,,,,,,,no,,yes,,on_settle,no,,yes,,DESECRATED / TEMPLE / Gain 3 Monument / resources. / CT Gain +1 &. / 、 eo aa   . cag / AB0100             .
c1:6426,c1,6426,Hidden Temple,D:\download\ato2\ATO\assets\exploration-cards\c1\6426.png,base-auto,,,,,,,,no,,yes,,on_settle,no,,yes,,隐秘神殿 / HIDDEN TEMPLE / Gain 4 Monument / resources. / You may gain +3 W to / gain +1 Priest. / ABO101         7
c1:6427,c1,6427,Egyptian War Fleet,D:\download\ato2\ATO\assets\exploration-cards\c1\6427.png,base-auto,gain_resource,5,argo_resources,,Trireme,Gain 5 Trireme resources,,no,,yes,,on_settle,yes,medium,yes,,EOr tk / GYPTIAN / WAR FLEET / Gain 5 Trireme resources. / QM) Lose -1 人 / AB0102
c1:6428,c1,6428,Egyptian War Fleet,D:\download\ato2\ATO\assets\exploration-cards\c1\6428.png,base-auto,gain_resource,6,argo_resources,,Trireme,Gain 6 Trireme resources,,no,,yes,,on_settle,yes,medium,yes,,BV OTN / GYPTIAN / WAR FLEET / Gain 6 Trireme resources. / GED Lose -1 YW’. / me om 加 / AB0103            )
c1:6429,c1,6429,Old Armory,D:\download\ato2\ATO\assets\exploration-cards\c1\6429.png,base-auto,,,,,,,,no,,yes,,on_settle,no,,yes,,IAAL) / OLD ARMORY / Gain 5 Monnment / resources. / : Lose -1€. / AB0104
c1:6430,c1,6430,Bronze People Armory,D:\download\ato2\ATO\assets\exploration-cards\c1\6430.png,base-auto,,,,,,,,no,,yes,,on_settle,no,,yes,,"青铜人兵工厂 / BRONZE PEOPLE / ARMORY / Gain 5 Armament / resources. / fie) Gain +1cb (once / until the next Timeline / “ Battle). , | / AB0O105           )"
c1:6431,c1,6431,Grand Temple Ruins,D:\download\ato2\ATO\assets\exploration-cards\c1\6431.png,semi,,,,,,,,,,,,on_settle,no,,yes,,大型神殿废起 / GRAND / TEMPLE RUINS / Gain 5 Monument / 人 /  Gain +1. / AB0106
c1:6433,c1,6433,Untamed Titan,D:\download\ato2\ATO\assets\exploration-cards\c1\6433.png,manual,gain_titan,1,argo_track,,,Gain +1 Titan,,,,yes,,on_settle,no,medium,yes,,未驯服的泰坦 / UNTAMED TITAN / Gain +1 Titan. /  Chosen / Argonaut gains +1. / AB0108
c1:6434,c1,6434,Hekatrap,D:\download\ato2\ATO\assets\exploration-cards\c1\6434.png,manual,,,,,,,,,,yes,,on_settle,no,,yes,,"BS bat / HIEKATRAP / At the end of this Exploration / Step, resolve an Ambush Battle / (Cycle I Storybook, p. 112). / GED At the start of this / battle, Escalate 1. / 永久移出天组           SN / Remove from the deck / AB0109                  permanently."
c1:6435,c1,6435,Informant Network,D:\download\ato2\ATO\assets\exploration-cards\c1\6435.png,manual,,,,,,,,,,yes,,on_settle,no,,yes,,线人网络 / ‘INFORMANT / NETWORK / Gain +1 %. /  Roll a d10. On 8+ / gain +1cb. / 移出卡组直到下一次定肝战半 4 / Remove until the next / AB0110               Timeline Battle.
c1:6436,c1,6436,Cackle,D:\download\ato2\ATO\assets\exploration-cards\c1\6436.png,manual,,,,,,,,,,yes,,on_settle,no,,yes,,"KR / NAN Se /  Resolve an additional 他) / 移出大组直到下一次定肝战斗 d / Remove until the next                        } / ABO111               Timeline Battle.                                 ,"
c1:6437,c1,6437,Maze Pilgrim,D:\download\ato2\ATO\assets\exploration-cards\c1\6437.png,manual,,,,,,,,,,yes,,on_settle,no,,yes,,"AB RES / MAZE PILGRIM / Gain +1 & (fon a & Map Tile: / gain +2 # instead). / If you then have 3+ #%, see 0014 / in the Fated Conundrum hub. / CW/5+) Gain 1 additional #. /  Random Argonaut / gains 1 Despair token. / BAKABP FREAK 4 / Remove until the next / AB0112               Timeline Battle."
c1:6438,c1,6438,Maze Storm,D:\download\ato2\ATO\assets\exploration-cards\c1\6438.png,review,,,,,,,,,,yes,,on_settle,no,,yes,,MAZE STORM / Gain +1 A. / 7B Gain +2 A instead. / 移出大组直到下一次定肝战斗 / Remove until the next / AB0113            Timeline Battle.
c1:6439,c1,6439,Recruitment Drive,D:\download\ato2\ATO\assets\exploration-cards\c1\6439.png,review,,,,,,,,,,yes,,on_settle,no,,yes,,Aas aa / RECRUITMENT / DRIVE / Gain +1. / 《TRY Lose -1 Y’. / 永久移出大组                   ¢ / Remove from the deck / AB0114              permanently.
c1:6440,c1,6440,Heart of the Maze,D:\download\ato2\ATO\assets\exploration-cards\c1\6440.png,manual,,,,,,,,,,yes,,on_settle,no,,yes,,"aE IL / HEART OF THE / MAZE / You're ambushed by the / Temenos itself! At the end of / this Exploration Step, resolve / a Temenos Battle (note Special / Aftermath 0006). /  At the start of this / battle, Escalate 1. / 永久移出大组           8 / Remove from the deck / ABO116          permanently."
c1:13400,c1,13400,Theban Trader,D:\download\ato2\ATO\assets\exploration-cards\c1\13400.png,review,,,,,,,,,,yes,,on_settle,no,,yes,,"_. © / ota / 2525 / Beas / > / Ms      HTEeE0g / ER      gS / R       Begs o + / A) ox     ANnS tn ase / ”    N a 0  ¢  “a / -L\  Q    ACEo HH  th / ~~ OCs ian ea  Lo / kK ‘=    ES=o 号 / =o    四是一石 +r  | / LD    号全 o <  kX / [|    epo™   a / ae     om OD. tke 2 | / o8Zrs  HIS / ~~ 人    Lae  Pe |< / LL  =    2n 52 oS / Oe   B52 wb ay iw / co      ""号 2 / ee Sf GEReESSS KER / fie EEO O-SS0 HAR / > ESSE 5os | eee 2 / Wag = SETR eS ss SSM / wee fam. 2sa3 NZ / 5 Pees / Te 2a fSCuEe E / =  weEEsEteae 旺 / EODEERZS    =  \ / [一  S BEESESHZ=E 中  — / Soa Set im S OO om / SereSaqA20rce iy  三 / SB Ore eee TIN   三"
c2:13600,c2,13600,Temenos Fear Aquifer,D:\download\ato2\ATO\assets\exploration-cards\c2\13600.png,base-auto,,,,,,,,no,,yes,,on_settle,no,,yes,,ajaiasacuann / EMENOS TEAR / AQUIFER / Gain 2 Fear Essence / resources. / €7E Gain+2Aasa / group.
c2:13601,c2,13601,Pre-Eschaton Armory,D:\download\ato2\ATO\assets\exploration-cards\c2\13601.png,base-auto,,,,,,,,no,,yes,,on_settle,no,,yes,,At a GI / PRE-ESCHATON / ARMORY / Gain 2 War Machine / resources. / Machine resources / instead. .
c2:13602,c2,13602,Temple of Ares,D:\download\ato2\ATO\assets\exploration-cards\c2\13602.png,base-auto,gain_resource,2,argo_resources,,Relief,Gain 2 Relief resources,,no,,yes,,on_settle,yes,medium,yes,,呵到斯神殿 / TEMPLE OF ARES / Gain 2 Relief resources. /  Gain +1 Wasa / group. —
c2:13603,c2,13603,Temenos Mineshaft,D:\download\ato2\ATO\assets\exploration-cards\c2\13603.png,base-auto,,,,,,,,no,,yes,,on_settle,no,,yes,,a aarare / EMENOS / MINESHAFT / Gain 1 Maze Fragment / resource. / €J/® Gain 2 Maze / Fragment resources / ~ instead. / ei eee ee Ce”
c2:13604,c2,13604,Weapons Workshop,D:\download\ato2\ATO\assets\exploration-cards\c2\13604.png,base-auto,,,,,,,,no,,yes,,on_settle,no,,yes,,Weipor / |             FAPONS / WORKSHOP / Gain 1 War Machine / resource. / 人ET Gain 2 War / Machine resources / instead. . / : ete es 机 -@.
c2:13605,c2,13605,Shrine To Ares,D:\download\ato2\ATO\assets\exploration-cards\c2\13605.png,base-auto,gain_resource,1,argo_resources,,Relief,Gain 1 Relief resource,,no,,yes,,on_settle,yes,medium,yes,,[So] Sq Ht HH See / SHRINE TO ARES / Gain 1 Relief resource. / VFriendly+) Gain 2 Relief / resources instead. /   BB1217
c2:13606,c2,13606,Temenos Pit,D:\download\ato2\ATO\assets\exploration-cards\c2\13606.png,base-auto,,,,,,,,no,,yes,,on_settle,no,,yes,,AMET ie / TEMENOS PIT / Gain 2 Maze Fragment / resources. / GE Gain+iAasa / group. /   BB1211                                r
c2:13607,c2,13607,Temenos Mineshaft,D:\download\ato2\ATO\assets\exploration-cards\c2\13607.png,base-auto,,,,,,,,no,,yes,,on_settle,no,,yes,,erat asta / FMENOS / MINESHAFT / Gain 1 Maze Fragment / resource. /  Gain 2 Maze / Fragment resources / instead. . /   BB1210             )
c2:13608,c2,13608,Temple of Ares,D:\download\ato2\ATO\assets\exploration-cards\c2\13608.png,base-auto,gain_resource,2,argo_resources,,Relief,Gain 2 Relief resources,,no,,yes,,on_settle,yes,medium,yes,,呵瑞斯神殿 / TEMPLE OF ARES / Gain 2 Relief resources. / GI Gain +1 asa / group.
c2:13609,c2,13609,Spartan Wreckage,D:\download\ato2\ATO\assets\exploration-cards\c2\13609.png,base-auto,,,,,,,,no,,yes,,on_settle,no,,yes,,itaraa / PARTAN / WRECKAGE / Gain 4 War Trireme / resources. / GE Gain +1Aasa / group. / oo. / Se
c2:13610,c2,13610,Daedalus Laboratory,D:\download\ato2\ATO\assets\exploration-cards\c2\13610.png,base-auto,,,,,,,,no,,yes,,on_settle,no,,yes,,AEDALUS / LABORATORY / Gain 3 War Machine / resources. / vv Gain 4 War Machine / resources instead. /   BB1223                                   :
c2:13611,c2,13611,Cyclopean Temple of Hyperion,D:\download\ato2\ATO\assets\exploration-cards\c2\13611.png,base-auto,gain_resource,3,argo_resources,,Relief,Gain 3 Relief resources,,no,,yes,,on_settle,yes,medium,yes,,a BORE EC CEE / YCLOPEAN TEMPLE / OF HYPERION / Gain 3 Relief resources. / Gi 获得1个 / 独眼巨人牙齿稀有资源。 /   BB1225                          P
c2:13612,c2,13612,Temenos Fear Aquifer,D:\download\ato2\ATO\assets\exploration-cards\c2\13612.png,base-auto,,,,,,,,no,,yes,,on_settle,no,,yes,,FEMENOs Pen / EMENOS FEAR / AQUIFER / Gain 2 Fear Essence / resources. / JE Gain+2A asa / group. /   BB1214
c2:13613,c2,13613,Palirroia Trireme,D:\download\ato2\ATO\assets\exploration-cards\c2\13613.png,base-auto,,,,,,,,no,,yes,,on_settle,no,,yes,,由里受亚战船 / PALIRROIA TRIREME / Gain 3 War Trireme / resources. / ~ @EB Lose -1 Titan. / '  BB1226
c2:13614,c2,13614,Daedalus Laboratory,D:\download\ato2\ATO\assets\exploration-cards\c2\13614.png,base-auto,,,,,,,,no,,yes,,on_settle,no,,yes,,Guy iea / AEDALUS / LABORATORY / Gain 3 War Machine / resources. / JED Gain+1Aasa / group. / 了   的) 1 ae
c2:13615,c2,13615,Cyclopean Temple of Iapetus,D:\download\ato2\ATO\assets\exploration-cards\c2\13615.png,base-auto,gain_resource,4,argo_resources,,Relief,Gain 4 Relief resources,,no,,yes,,on_settle,yes,medium,yes,,独眼 A 的伊阿珀托斯神殿 / YCLOPEAN / TEMPLE OF IAPETUS / Gain 4 Relief resources. / 名 Gain +1 (once / until the next Timeline / Battle). /    BB1232            ni
c2:13616,c2,13616,Spartan Trireme,D:\download\ato2\ATO\assets\exploration-cards\c2\13616.png,base-auto,,,,,,,,no,,yes,,on_settle,no,,yes,,斯巴达战船 / SPARTAN TRIREME / Gain 5 War Trireme / resources. /  Lose -1 YY’. / |  BB1238
c2:13617,c2,13617,Cyclopean Temple of Gaia,D:\download\ato2\ATO\assets\exploration-cards\c2\13617.png,base-auto,gain_resource,5,argo_resources,,Relief,Gain 5 Relief resources,,no,,yes,,on_settle,yes,medium,yes,,TPR A BY ae A / YCLOPEAN / TEMPLE OF GAIA / Gain 5 Relief resources. / GIB Lose -3 V.
c2:13618,c2,13618,Shrine to Ares,D:\download\ato2\ATO\assets\exploration-cards\c2\13618.png,base-auto,gain_resource,1,argo_resources,,Relief,Gain 1 Relief resource,,no,,yes,,on_settle,yes,medium,yes,,So] Sn Sr HH SE / SHRINE TO ARES / Gain 1 Relief resource. / : Gain 2 Relief / resources instead. /   BB1218                             人
c2:13619,c2,13619,Marathonian-Class Trireme,D:\download\ato2\ATO\assets\exploration-cards\c2\13619.png,base-auto,,,,,,,,no,,yes,,on_settle,no,,yes,,马拉松级战船 / MARATHONIAN- / CLASS TRIREME / Gain 6 War Trireme / resources. / @I® Gain+l1Aasa / group. /   BB1234                                    人
c2:13620,c2,13620,Bronze People Foundry,D:\download\ato2\ATO\assets\exploration-cards\c2\13620.png,base-auto,,,,,,,,no,,yes,,on_settle,no,,yes,,NCA BEA / BRONZE PEOPLE / FOUNDRY / Gain 5 War Machine / resources. / 2) Gain 6 War Machine / resources instead. / 人          . Ree  mt / a we     yee / |  BB1237                  ‘
c2:13621,c2,13621,Cyclopean Shrine of Hyperion,D:\download\ato2\ATO\assets\exploration-cards\c2\13621.png,base-auto,gain_resource,2,argo_resources,,Relief,Gain 2 Relief resources,,no,,yes,,on_settle,yes,medium,yes,,‘ex 巨人 SU RANT IN / YCLOPEAN SHRINE / OF HYPERION / Gain 2 Relief resources. / GJ Gain 3 Relief / resources instead. /   BB1224
c2:13622,c2,13622,Temenos Fear Spring,D:\download\ato2\ATO\assets\exploration-cards\c2\13622.png,base-auto,,,,,,,,no,,yes,,on_settle,no,,yes,,Fri BAIR ZR / TEMENOS FEAR / SPRING / Gain 1 Fear Essence / resource. / @JE Gain+ifAAasa / group.
c2:13623,c2,13623,Cyclopean Temple of Gaia,D:\download\ato2\ATO\assets\exploration-cards\c2\13623.png,base-auto,gain_resource,5,argo_resources,,Relief,Gain 5 Relief resources,,no,,yes,,on_settle,yes,medium,yes,,a 蕊人的盖亚神殿 / YCLOPEAN / TEMPLE OF GAIA | / Gain 5 Relief resources. / CED Gain +1 ¥. / ELL Ue ame nen et
c2:13624,c2,13624,Cyclopean Shrine of Iapetus,D:\download\ato2\ATO\assets\exploration-cards\c2\13624.png,base-auto,gain_resource,3,argo_resources,,Relief,Gain 3 Relief resources,,no,,yes,,on_settle,yes,medium,yes,,sala GN SOA s\n / YCLOPEAN / SHRINE OF IAPETUS / Gain 3 Relief resources. / ~ @E Lose -1 Titan. /   BB1231           fe             |
c2:13625,c2,13625,Spartan Wreckage,D:\download\ato2\ATO\assets\exploration-cards\c2\13625.png,base-auto,,,,,,,,no,,yes,,on_settle,no,,yes,,SPAR TAR / PARTAN / VVRECKAGE / Gain 4 War Trireme / resources. / @JE® Lose -1 Titan. /   BB1230                                   人
c2:13626,c2,13626,White Trireme,D:\download\ato2\ATO\assets\exploration-cards\c2\13626.png,base-auto,,,,,,,,no,,yes,,on_settle,no,,yes,,白色战船 / WHITE TRIREME / Gain 2 War Trireme / resources. / ~~ GIB Gain 3 War Trireme / - resources instead.
c2:13627,c2,13627,Palirroia Trireme,D:\download\ato2\ATO\assets\exploration-cards\c2\13627.png,base-auto,,,,,,,,no,,yes,,on_settle,no,,yes,,1G SW aA / PALIRROIA TRIREME / Gain 3 War Trireme / resources. / JE Gain 4 War Trireme / resources instead. / 、 BB1228            和
c2:13628,c2,13628,Titan,D:\download\ato2\ATO\assets\exploration-cards\c2\13628.png,manual,gain_titan,1,argo_track,,,Gain +1 Titan,,,,yes,,on_settle,no,medium,yes,,"泰坦 / TITAN             , / Gain +1 Titan. / GE Gain +1Qasa / group. / ie CL a ane Cee"
c2:13629,c2,13629,Untamed Titan,D:\download\ato2\ATO\assets\exploration-cards\c2\13629.png,manual,gain_titan,1,argo_track,,,Gain +1 Titan,,,,yes,,on_settle,no,medium,yes,,AR WAR AS ZS t8 / UNTAMED TITAN / Gain +1 Titan. / «GEMM Gain +1Qasa / - group. / Ea a ee nee
c2:13630,c2,13630,Argo Engines,D:\download\ato2\ATO\assets\exploration-cards\c2\13630.png,manual,,,,,,,,,,yes,,on_settle,no,,yes,,"SABOTAGE: / ARGO ENGINES /                   a) RS 5 | / If you have 2+, lose -1 &. / If this ability didn't trigger, / gain +1]. / ¥€lelSabotage kA / 33) ar / BA / 移出卡组直到下一次定肝战斗 / \BB1244                                       )"
c2:13631,c2,13631,Propylon,D:\download\ato2\ATO\assets\exploration-cards\c2\13631.png,manual,,,,,,,,,,yes,,on_settle,no,,yes,,"SABOTAGE: / PROPYLON /       山门 / 如果你们有 1+, BEAL / 选择你们的一个阿尔蕊 / FLRE(AA) BHR. ERA! / 企时间表当前10天后记下 / 它的名称，作为事件。 / fPS-KAWARDR, C / 被修复可用。 / If this ability didn't trigger, / gain +1iP. / 洗右Sabotage卡组 / 改为 / 移出上大组直到下一次定肝战斗 /  BB1245"
c2:13632,c2,13632,Triskelion System,D:\download\ato2\ATO\assets\exploration-cards\c2\13632.png,manual,,,,,,,,,,yes,,on_settle,no,,yes,,"SABOTAGE: / TRISKELION SYSTEM /                       三幅节系统 / If you have 1+{, lose -1 Titan. / _ If this.ability didn't trigger, / gain +1\P. / %# ElSabotage F 28 / 35) or / BA / 移出卡组直到下一次定肝战斗 / 。 BB1246                                       人"
c2:13633,c2,13633,Titan Armory,D:\download\ato2\ATO\assets\exploration-cards\c2\13633.png,manual,,,,,,,,,,yes,,on_settle,no,,yes,,"SABOTAGE: / TITAN ARMORY / 泰坦兵工厂 / If you have 2+ iP,                  2 / permanently lose a random ¢ / card from the Argo Armory. / If this ability didn't trigger, / gain +1. / 洗回Sabotage卡组 / 移出上组直到下一次定肝战斗 / , BB1247"
c2:13634,c2,13634,Krypteia Assassination Attempt,D:\download\ato2\ATO\assets\exploration-cards\c2\13634.png,manual,,,,,,,,,,yes,,on_settle,no,,yes,,SABOTAGE: / RRYPTA ASSASSINATION / 。， 克里普提和 “暗杀行动 / ”如果你们有1+引，随机选择 / 一名阿尔戈英雄获得本卡。 / 战斗期间: 每当你掷出关键 / 失手时，一名克里普提上暗杀 / 者攻击了同步浸池。 / 检定力量Fury(8+)。 / KM: (Rash RRR / 将本卡永久移出游戏并结算 / Rude Awakening特殊事件。 / CHEB or GIBB tose -1 > / @ 移出天绍直到 ere / Remove until the next /    BB1248         Timeline Battle.
c2:13635,c2,13635,Ambrosia Spill,D:\download\ato2\ATO\assets\exploration-cards\c2\13635.png,semi,,,,,,,,,,,,on_settle,no,,yes,,神浆泄漏 / AMBROSIA SPILL / 根据你们的不稳定神浆资源数: / 0-15: #RAR SWE. / 16-25: 神浆团四处乱窜，杀 / 死了几名你的船员! 失去-1X. / 26+: 神浆团惯怒地攻击船体! / 失去-1他 并将你们的不稳定 / GED or GI Gain +1 A. / ee | / Remove until the next / ' BB1251    Timeline Battle.
c2:13636,c2,13636,Black Sludge,D:\download\ato2\ATO\assets\exploration-cards\c2\13636.png,review,,,,,,,,,,yes,,on_settle,no,,yes,,Ae ELIE / BLACK SLUDGE / ”随机确定一个方向。在你们 / 当前地图板块的所选方向侧 / UREN iar. / 所有从当前板块通往该方向 / 的水路被封锁。 / 下一次定时战斗后弃置此 / ID or Gain +1 A. / 移出卡组直到 re / Remove until the next / '   BB1250         Timeline Battle.
c2:13637,c2,13637,Cackle,D:\download\ato2\ATO\assets\exploration-cards\c2\13637.png,manual,,,,,,,,,,yes,,on_settle,no,,yes,,Ar / 人 IB / GED Resolve an additional 的) / Tt is ae Ate ay ee / 人                        六 / 移出 sa ww:间 / Remove until the next / '   BB1243       Timeline Battle.                人
c2:13638,c2,13638,Private Lesson,D:\download\ato2\ATO\assets\exploration-cards\c2\13638.png,review,,,,,,,,,,yes,,on_settle,no,,yes,,"私人授课 / PRIVATE LESSON / Atthe end of the current / step, go to the Cruel / - Lesson Battle. / QED At the start of this / battle, Escalate 1. / 永久移出卡组 / Remove from the deck / '   BB1252        permanently."
c2:13639,c2,13639,Moral Erosion,D:\download\ato2\ATO\assets\exploration-cards\c2\13639.png,review,,,,,,,,,,yes,,on_settle,no,,yes,,道德侵蚀 / MORAL EROSION / Gain +1 A or lose -1 / Humanity. / @JE Gain +1 V’. / @/I® Gain +1 V. / 移出卡组直到 re 3 / Remove until the next /    BB1249       Timeline Battle.               f
c2:13640,c2,13640,Smugglers,D:\download\ato2\ATO\assets\exploration-cards\c2\13640.png,review,,,,,,,,,,yes,,on_settle,no,,yes,,"iz, / gS g / R 疙 / 局 与 = / SO / REX SD / Ned  = / 5Se9 / egos / Z2EB / px    SEs / 2    w= E90   SS / J  o    On  Ae / x  g    AS ro  42 5 / E    wise =  = / Ls    th / f  =    Sad  tw & / RGD   = / °    So 二  RS / 2     aS fe)   4 = / = o  EOES  | 二 / ma (=) 2 335   E / pape eS  Cs / 以  oO 二 Fre a0  mS / LL)  S 总 L2535  Ke / Sp2eTS5 200  i / UO  Gs SOR  ms / oes l= ofS 、  se / ae ea5ee  Qs / 5 2ese ces  ve / = Beets sa   : / WD  = pb 5§sze / wp EE ASSOnS / bees VEE / S SRGELROS / BS=Scsouss   8 / eRe oe  a>>   al / mee SLO   = / oO / oa)"
c2:13641,c2,13641,Spy Network,D:\download\ato2\ATO\assets\exploration-cards\c2\13641.png,manual,,,,,,,,,,yes,,on_settle,no,,yes,,[ea] Fe DZ / Spy NETWORK / Gain +1. /  Roll a d10. On 8+ / gain +1 cb. / 移出卡组直到 errr / Remove until the next / |   BB1242       Timeline Battle.               f
c3:13500,c3,13500,,D:\download\ato2\ATO\assets\exploration-cards\c3\13500.png,base-auto,,,,,,,,no,,yes,,on_settle,no,,yes,,深渊聆听 / ABYSS LISTENS / Gain 2 Skin of Malice / resources. / CEM Gain +1 A as / a group. / CB1639
c3:13501,c3,13501,,D:\download\ato2\ATO\assets\exploration-cards\c3\13501.png,base-auto,,,,,,,,no,,yes,,on_settle,no,,yes,,ARE BY A Hie J / PREESCHATON / FOUNDRY / Gain 2 Daedalus Makina / resources. / Cites» Gain 1 Daedalus / Makina resource instead. / CB1643
c3:13502,c3,13502,,D:\download\ato2\ATO\assets\exploration-cards\c3\13502.png,base-auto,,,,,,,,no,,yes,,on_settle,no,,yes,,ain Al) ET AH ES / TEMPLE OF HELIOS / Gain 2 Sirenshell / resources. /  Gain +1 as / a group.
c3:13503,c3,13503,,D:\download\ato2\ATO\assets\exploration-cards\c3\13503.png,base-auto,,,,,,,,no,,yes,,on_settle,no,,yes,,深渊诉这 / ABYSS SPEAKS / Gain 2 Living Abyss / resources. /       fm Gain 3 Living / Abyss resources instead. / CB1636
c3:13504,c3,13504,,D:\download\ato2\ATO\assets\exploration-cards\c3\13504.png,base-auto,,,,,,,,no,,yes,,on_settle,no,,yes,,的 /            IDDEN / WORKSHOP / Gain 1 Daedalus Makina / resource. / CE Gain 2 Daedalus / Makina resources instead. / CB1642
c3:13505,c3,13505,,D:\download\ato2\ATO\assets\exploration-cards\c3\13505.png,base-auto,gain_resource,1,argo_resources,,Sirenshell,Gain 1 Sirenshell resource,,no,,yes,,on_settle,yes,medium,yes,,ar Fl) RE AR SS / SHRINE TO HELIOS / Gain 1 Sirenshell resource. /  Gain 2 Sirenshell / resources instead. / CB1644
c3:13506,c3,13506,,D:\download\ato2\ATO\assets\exploration-cards\c3\13506.png,base-auto,,,,,,,,no,,yes,,on_settle,no,,yes,,ABYSS COMMANDS / Gain 2 Living Abyss / resources. /  Gain +1 Qas / a group. Gain as manyA / as a group as you have / total Q as a group. / CB1638
c3:13507,c3,13507,,D:\download\ato2\ATO\assets\exploration-cards\c3\13507.png,base-auto,,,,,,,,no,,yes,,on_settle,no,,yes,,深渊低语 / ABYSS WHISPERS / Gain 1 Living Abyss / resource. / GET Gain 2 Living / Abyss resources instead. / CB1637              :
c3:13508,c3,13508,,D:\download\ato2\ATO\assets\exploration-cards\c3\13508.png,base-auto,,,,,,,,no,,yes,,on_settle,no,,yes,,RA RET RRR / TEMPLE OF FIELIOS / Gain 2 Sirenshell / resources. /  Gain +1 as / a group. / re
c3:13509,c3,13509,,D:\download\ato2\ATO\assets\exploration-cards\c3\13509.png,base-auto,,,,,,,,no,,yes,,on_settle,no,,yes,,FRA RSG / HYPERBOREAN / RUINS / Gain 2 Hyperborean Alloy / resources. /  Gain +1 A. as / a group. / CB1666
c3:13510,c3,13510,,D:\download\ato2\ATO\assets\exploration-cards\c3\13510.png,base-auto,,,,,,,,no,,yes,,on_settle,no,,yes,,代达罗斯考古工坊 / AXEDALUS / ARCHARTIFICERY / Gain 3 Daedalus Makina / resources. /  Gain +1 (once / until the next Timeline / Battle). . / CB1669           —
c3:13511,c3,13511,,D:\download\ato2\ATO\assets\exploration-cards\c3\13511.png,base-auto,,,,,,,,no,,yes,,on_settle,no,,yes,,32 -E AN EIA B35 aR / SIREN TEM PLE OF / HYPERION / Gain 3 Sirenshell / resources. /  Gain 1 Antedeluvian / Sirenshell Rare resource. / CB1676
c3:13512,c3,13512,,D:\download\ato2\ATO\assets\exploration-cards\c3\13512.png,base-auto,,,,,,,,no,,yes,,on_settle,no,,yes,,BYSS / CONTEMPLATES / Gain 1 Skin of Malice / resource. /  Gain +1 A as / a group. / CB1641
c3:13513,c3,13513,,D:\download\ato2\ATO\assets\exploration-cards\c3\13513.png,base-auto,,,,,,,,no,,yes,,on_settle,no,,yes,,远古仓库 / ANCIENT / REPOSITORY / Gain 3 Hyperborean Alloy / resources. / GE Lose -1 Titan. / CB1664          7
c3:13514,c3,13514,,D:\download\ato2\ATO\assets\exploration-cards\c3\13514.png,base-auto,,,,,,,,no,,yes,,on_settle,no,,yes,,远古仓库 / ANCIENT / REPOSITORY / Gain 3 Hyperborean Alloy / resources. /  Lose -1 €. / 了
c3:13515,c3,13515,,D:\download\ato2\ATO\assets\exploration-cards\c3\13515.png,base-auto,,,,,,,,no,,yes,,on_settle,no,,yes,,AR IR SASF Bo) SAFE Hee / PORCOTIEN TEMPLE / OF IAPETUS  - / Gain 2 Sirenshell / resources. /  Place 1 ¥ on Inward / Odyssey (once until the / next Timeline Battle). / CB1675
c3:13516,c3,13516,,D:\download\ato2\ATO\assets\exploration-cards\c3\13516.png,base-auto,,,,,,,,no,,yes,,on_settle,no,,yes,,At XA 图记忆 / HYPERBOREAN / LIBRARY / Gain 4 Hyperborean Alloy / resources. /  Gain +1 A as / a group. / CB1663
c3:13517,c3,13517,,D:\download\ato2\ATO\assets\exploration-cards\c3\13517.png,base-auto,,,,,,,,no,,yes,,on_settle,no,,yes,,Coe eee / RAND IHOLOS / OF HELIOS / Gain 4 Sirenshell / resources. /  Gain +1 A. / CB1674          |
c3:13518,c3,13518,,D:\download\ato2\ATO\assets\exploration-cards\c3\13518.png,base-auto,gain_resource,1,argo_resources,,Sirenshell,Gain 1 Sirenshell resource,,no,,yes,,on_settle,yes,medium,yes,,‘bak Fl) RT A SE / SHRINE TO HELIOS / Gain 1 Sirenshell resource. /  Gain 2 Sirenshell / resources instead. / CB1645
c3:13519,c3,13519,,D:\download\ato2\ATO\assets\exploration-cards\c3\13519.png,base-auto,,,,,,,,no,,yes,,on_settle,no,,yes,,冻士人网书馆 / HYPERBOREAN / LIBRARY / Gain 4 Hyperborean Alloy / resources. /  Lose -1 YW. / CB1662
c3:13520,c3,13520,,D:\download\ato2\ATO\assets\exploration-cards\c3\13520.png,base-auto,,,,,,,,no,,yes,,on_settle,no,,yes,,Dey (aT eae / AEDALUS / ARCHARTIFICERY / Gain 3 Daedalus Makina / resources. /  Gain +1 ¥. / CB1670            /
c3:13521,c3,13521,,D:\download\ato2\ATO\assets\exploration-cards\c3\13521.png,base-auto,,,,,,,,no,,yes,,on_settle,no,,yes,,City tee / RAND TEMPLE / OF HELIOS / Gain 3 Sirenshell / resources. / You may gain +3 YW to / gain +1 Priest. / CB1673           wo
c3:13522,c3,13522,,D:\download\ato2\ATO\assets\exploration-cards\c3\13522.png,base-auto,,,,,,,,no,,yes,,on_settle,no,,yes,,深渊思虑 / ABYSS / CONTEMPLATES / Gain 1 Skin of Malice / resource. /  Gain 2 Skin of / Malice resources instead. / CB1640
c3:13523,c3,13523,,D:\download\ato2\ATO\assets\exploration-cards\c3\13523.png,base-auto,,,,,,,,no,,yes,,on_settle,no,,yes,,毁坏 和 / RUINED FIYYPERBOREAN / METROPOLIS / Gain 5 Hyperborean Alloy / resources. /  Lose -1 %. / CB1661
c3:13524,c3,13524,,D:\download\ato2\ATO\assets\exploration-cards\c3\13524.png,base-auto,,,,,,,,no,,yes,,on_settle,no,,yes,,青铀人军哈室 / BRONZE PEOPLE / LABORATORY / Gain 5 Daedalus Makina / resources. / OST Gain +16. / CB1671             )
c3:13525,c3,13525,,D:\download\ato2\ATO\assets\exploration-cards\c3\13525.png,base-auto,,,,,,,,no,,yes,,on_settle,no,,yes,,7 AME Be / YPERBOREAN / TEMPLE OF CRONUS / Gain 5 Sirenshell / resources. /  Gain +116. / CB1672           i
c3:13526,c3,13526,,D:\download\ato2\ATO\assets\exploration-cards\c3\13526.png,base-auto,,,,,,,,no,,yes,,on_settle,no,,yes,,飞空摇篮 / SOARING CRADLE / Gain 6 Hyperborean Alloy / resources. /  Gain +1 VW. / CB1665
c3:13527,c3,13527,,D:\download\ato2\ATO\assets\exploration-cards\c3\13527.png,base-auto,,,,,,,,no,,yes,,on_settle,no,,yes,,冻本人的柯罗诸斯神殿 / FIVBERBOREAN / TEMPLE OF CRONUS / Gain 5 Sirenshell / resources. / Grey Gain 1 Daedalus / Makina resource.
c3:13528,c3,13528,,D:\download\ato2\ATO\assets\exploration-cards\c3\13528.png,manual,gain_titan,1,argo_track,,,Gain +1 Titan,,,,yes,,on_settle,no,medium,yes,,#18 / TITAN / Gain +1 Titan. /  Gain +1 Qasa / group.
c3:13529,c3,13529,,D:\download\ato2\ATO\assets\exploration-cards\c3\13529.png,manual,gain_titan,1,argo_track,,,Gain +1 Titan,,,,yes,,on_settle,no,medium,yes,,未驯服的泰坦 / UNTAMED TITAN / Gain +1 Titan. /  Gain +1Qasa / group. / (ss BLOG| gyccite sa RR
c3:13530,c3,13530,,D:\download\ato2\ATO\assets\exploration-cards\c3\13530.png,manual,gain_titan,1,argo_track,,,Gain +1 Titan,,,,yes,,on_settle,no,medium,yes,,4而 777 / 德尔菲人舰队 / DELPHIAN FLEET / Resolve an effect based on your / Diplomacy with Delphians. / LD Gain +1 Y. / GIETIND Gain +1 Titan. / 人uc多Each Argonaut gains +1 A. / CONTEND Gain +1 YY. / X Denounced J Lose -1 Titan. /  Lose -1€. / 7/74) Random Argonaut gains 1 / Fated Mnemos card. / (32) 移出上组直到下一次定肝战斗 8 / Remove until the next / CB1658           Timeline Battle.
c3:13531,c3,13531,,D:\download\ato2\ATO\assets\exploration-cards\c3\13531.png,manual,,,,,,,,,,yes,,on_settle,no,,yes,,Teaver / WILIGHT / PATHFINDER / Resolve an effect based on your / Diplomacy with the Twilight Watch. / CNT) Gain +1 %. /  Gain +1 Frozen Time. / CEMED Gain +1’. / ’ Unfriendly Senna SS /  Gain +218. /  Lose -1X. / W774) Random Argonaut gains 1 / Fated Mnemos card. / Remove until the next / CB1659           Timeline Battle.
c3:13532,c3,13532,,D:\download\ato2\ATO\assets\exploration-cards\c3\13532.png,manual,,,,,,,,,,yes,,on_settle,no,,yes,,HELIAN HOLY / ADJUDICATORY / Resolve an effect based on your / Diplomacy. with the Sunheirs. / 《TRY Gain +1 and +1 1B. / 人 Friendly ) Place 1% on / Inward Odyssey. / ‘ Neutral Each Argonaut gains +1 出 / (CU Gain +1 YY. / Ores) Lose -1 XM or -1€. / GZ Gain +14. / CHEB Random Argonaut gains 1 / Fated Mnemos card. / Remove until the next / CB1660           Timeline Battle.
c3:13533,c3,13533,,D:\download\ato2\ATO\assets\exploration-cards\c3\13533.png,manual,,,,,,,,,,yes,,on_settle,no,,yes,,"Ar / 人 es / CHEB Resolve an additional @). / 。 o  ec.    oem    ae  Re / ”了 Md            *            BY tte 号  , / 7   rf . = 。 Pos : eS is  ‘ / 移出卡组直到下一次定时战半 4 / Remove until the next / CB1651               Timeline Battle."
c3:13534,c3,13534,,D:\download\ato2\ATO\assets\exploration-cards\c3\13534.png,manual,,,,,,,,,,yes,,on_settle,no,,yes,,"契订夫的太阳 / CHEKHOV'S SUN / @E Lose -1.Frozen Time and / either -1 ¥€ or -1 €. If this ability / didn't trigger, gain +1 iB. / @&® 有2张回忆卡 / 且回忆节点总数最多的 / 一名阿尔戈英雄将它的 / 回忆卡节点数量互相交换。 / 在之后的故事步骤中 / 结算因此导致的回忆突破。 / BiH KA BB R—KEA AAS ¢ / Remove until the next / CB1657            Timeline Battle."
c3:13535,c3,13535,,D:\download\ato2\ATO\assets\exploration-cards\c3\13535.png,manual,,,,,,,,,,yes,,on_settle,no,,yes,,he zt   损  、 / ENTROBY's / EMBRACE / Each Argonaut gains as many / W and/or A\ as you have IB. / Then lose -21B. / CHED or EID Lose -1 €. / BUKABE K—KEAT RA ¢ / Remove until the next / CB1656           Timeline Battle.
c3:13536,c3,13536,,D:\download\ato2\ATO\assets\exploration-cards\c3\13536.png,manual,,,,,,,,,,yes,,on_settle,no,,yes,,"[AST-FORWARDED / @E Lose -218 and gain / +14. / If this ability didn't trigger, / gain +1 and remove this / card until the next Timeline / Battle. / KA BH KA / = 个 为移出 不组直到下一次定时战斗"
c3:13537,c3,13537,,D:\download\ato2\ATO\assets\exploration-cards\c3\13537.png,review,,,,,,,,,,yes,,on_settle,no,,yes,,"恒 / 同    S 所 / BS ® / a ee   = 2 / AN  必] / SI =  Shs § = / maf, pfete S / > = oO <s 全 / = S 号RS / wae © 68 Segse & / Yo) 4 <x S88 5 / iS <6v 2 g / a 22, e5e55 & / a S258 8a se : / SSRESSL4GS 六 / md O55 Be ess 和 / C) eSecauges : / wes Farceey WU / EES BLO 5 / ASRS ROUND SAM l=  S / Doo AO Fe S / [一 CRO = OS 从一从 / See as e 有 / Zz  云云全SSS人法 / Fest ESSE 从 / <I SSS 45 0085 / PM SS Sa ee ES / > meeeee eee / ESSESESES / Ss aASBEGHS / Zz. eee oes / SPE AAO Seg 5 / & AQOmrke S / CO Sm est ees cae = / =  = / ston CQ / S)"
c3:13538,c3,13538,,D:\download\ato2\ATO\assets\exploration-cards\c3\13538.png,manual,,,,,,,,,,yes,,on_settle,no,,yes,,"‘Alas / REWOUND / @IE® Lose -118 and return / to the previous tile (treat this / tile as. explored). / If this ability didn't trigger, / gain +1 [6 and remove this / card until the next Timeline / Battle. / 永久移出上组 / 7 AAG HH FEF K—-RE A ARAL"
c3:13539,c3,13539,,D:\download\ato2\ATO\assets\exploration-cards\c3\13539.png,manual,,,,,,,,,,yes,,on_settle,no,,yes,,"间谍网络 / SPY NETWORK / Gain +1 ¥. / 《人mey Roll a d10. On 8+, / gain +1 cb. / 移出卡组直到下一次定时战半 8 / Remove until the next / CB1650               Timeline Battle."
c3:13540,c3,13540,,D:\download\ato2\ATO\assets\exploration-cards\c3\13540.png,manual,,,,,,,,,,yes,,on_settle,no,,yes,,"ee [ol ig A / TIGHTENING THE / LOOP / @JED Lose -218 and lower / your Loop Length by 1. / If this ability didn't trigger, / gain + 1[63.and remove this / card until the next Timeline / Battle. / 永久移出卡组 / op ee 不组直到下一次定时战斗"
c3:13541,c3,13541,,D:\download\ato2\ATO\assets\exploration-cards\c3\13541.png,manual,,,,,,,,,,yes,,on_settle,no,,yes,,"明日双绿 / TOMORROW'S / [EDGE / If on a $& Map Tile: Gain +1. / @E See the Tomorrow's / Edge special event. / If this ability didn't trigger, / gain +1[$ and remove this / card until the next Timeline / Battle. / KABA / 移出卡组直到下一次定肝战斗 / CB1652"
