cycle,tile_id,label,front,factions,faction_labels_zh,faction_labels_en,marker_count,confidence,right_inner_faction,right_inner_faction_zh,right_inner_faction_en,right_inner_score,right_inner_second,right_inner_second_score,right_inner_ink_ratio,right_inner_box_score,right_inner_confidence,right_inner_duplicate_suppressed,right_outer_faction,right_outer_faction_zh,right_outer_faction_en,right_outer_score,right_outer_second,right_outer_second_score,right_outer_ink_ratio,right_outer_box_score,right_outer_confidence,right_outer_duplicate_suppressed
c1,001,001,D:\download\ato2\ATO\map\images\c1-tile-001-front.jpg,labyrinthians,迷宫徒,Labyrinthians,1,medium,,,,0.5855,minoians,0.6294,0.826,0.0,none,False,labyrinthians,迷宫徒,Labyrinthians,0.3535,minoians,0.3764,0.3479,0.4645,medium,False
c1,002,002,D:\download\ato2\ATO\map\images\c1-tile-002-front.jpg,labyrinthians,迷宫徒,Labyrinthians,1,medium,,,,0.6259,minoians,0.6894,0.8845,0.0,none,False,labyrinthians,迷宫徒,Labyrinthians,0.364,hornsworn,0.3846,0.3833,0.4633,medium,False
c1,003,003,D:\download\ato2\ATO\map\images\c1-tile-003-front.jpg,labyrinthians,迷宫徒,Labyrinthians,1,medium,,,,0.5934,minoians,0.6438,0.8834,0.0115,none,False,labyrinthians,迷宫徒,Labyrinthians,0.3617,hornsworn,0.3847,0.4019,0.4512,medium,False
c1,004,004,D:\download\ato2\ATO\map\images\c1-tile-004-front.jpg,labyrinthians,迷宫徒,Labyrinthians,1,medium,,,,0.5951,minoians,0.6424,0.7772,0.0034,none,False,labyrinthians,迷宫徒,Labyrinthians,0.3724,minoians,0.3966,0.3885,0.4671,medium,False
c1,005,005,D:\download\ato2\ATO\map\images\c1-tile-005-front.jpg,labyrinthians,迷宫徒,Labyrinthians,1,low,,,,0.522,labyrinthians,0.5377,0.5726,0.0,none,False,labyrinthians,迷宫徒,Labyrinthians,0.3106,hornsworn,0.3305,0.3229,0.4731,low,False
c1,041,041,D:\download\ato2\ATO\map\images\c1-tile-041-front.jpg,minoians,米诺斯人,Minoans,1,low,,,,0.6144,minoians,0.6656,0.8663,0.0212,none,False,minoians,米诺斯人,Minoans,0.4497,labyrinthians,0.463,0.4436,0.4656,low,False
c1,042,042,D:\download\ato2\ATO\map\images\c1-tile-042-front.jpg,minoians,米诺斯人,Minoans,1,low,,,,0.6014,minoians,0.6647,0.9045,0.0394,none,False,minoians,米诺斯人,Minoans,0.4904,labyrinthians,0.5161,0.4885,0.4241,low,False
c1,043,043,D:\download\ato2\ATO\map\images\c1-tile-043-front.jpg,minoians,米诺斯人,Minoans,1,low,,,,0.6321,minoians,0.6976,0.9365,0.0185,none,False,minoians,米诺斯人,Minoans,0.4603,hornsworn,0.4687,0.4582,0.462,low,False
c1,044,044,D:\download\ato2\ATO\map\images\c1-tile-044-front.jpg,labyrinthians,迷宫徒,Labyrinthians,1,medium,,,,0.6085,minoians,0.6713,0.8726,0.0199,none,False,labyrinthians,迷宫徒,Labyrinthians,0.377,minoians,0.4002,0.3914,0.4789,medium,False
c1,045,045,D:\download\ato2\ATO\map\images\c1-tile-045-front.jpg,minoians,米诺斯人,Minoans,1,low,,,,0.6032,minoians,0.665,0.9509,0.0295,none,False,minoians,米诺斯人,Minoans,0.4666,hornsworn,0.4812,0.4627,0.4662,low,False
c1,006,006,D:\download\ato2\ATO\map\images\c1-tile-006-front.jpg,labyrinthians,迷宫徒,Labyrinthians,1,low,,,,0.5701,minoians,0.6306,0.7969,0.0053,none,False,labyrinthians,迷宫徒,Labyrinthians,0.3467,hornsworn,0.3615,0.3555,0.4812,low,False
c1,007,007,D:\download\ato2\ATO\map\images\c1-tile-007-front.jpg,hornsworn,角誓者,Hornsworn,1,low,,,,0.6273,minoians,0.6954,0.942,0.0043,none,False,hornsworn,角誓者,Hornsworn,0.2998,labyrinthians,0.3143,0.3614,0.4631,low,False
c1,008,008,D:\download\ato2\ATO\map\images\c1-tile-008-front.jpg,minoians,米诺斯人,Minoans,1,medium,,,,0.6048,minoians,0.666,0.8325,0.0223,none,False,minoians,米诺斯人,Minoans,0.305,labyrinthians,0.3716,0.3239,0.5376,medium,False
c1,T05,T05,D:\download\ato2\ATO\map\images\c1-tile-T05-front.jpg,minoians,米诺斯人,Minoans,1,medium,,,,0.6013,minoians,0.6509,0.8663,0.0105,none,False,minoians,米诺斯人,Minoans,0.344,labyrinthians,0.4027,0.3495,0.529,medium,False
c1,009,009,D:\download\ato2\ATO\map\images\c1-tile-009-front.jpg,labyrinthians,迷宫徒,Labyrinthians,1,low,,,,0.6324,minoians,0.7002,0.9381,0.001,none,False,labyrinthians,迷宫徒,Labyrinthians,0.3651,minoians,0.3688,0.3132,0.5422,low,False
c1,010,010,D:\download\ato2\ATO\map\images\c1-tile-010-front.jpg,labyrinthians,迷宫徒,Labyrinthians,1,low,,,,0.6353,minoians,0.7021,0.9457,0.0004,none,False,labyrinthians,迷宫徒,Labyrinthians,0.3612,minoians,0.3765,0.3121,0.5417,low,False
c1,046,046,D:\download\ato2\ATO\map\images\c1-tile-046-front.jpg,labyrinthians,迷宫徒,Labyrinthians,1,low,,,,0.5514,labyrinthians,0.5518,0.5759,0.0161,none,False,labyrinthians,迷宫徒,Labyrinthians,0.4139,minoians,0.425,0.4003,0.4734,low,False
c1,047,047,D:\download\ato2\ATO\map\images\c1-tile-047-front.jpg,labyrinthians,迷宫徒,Labyrinthians,1,low,,,,0.6264,minoians,0.6908,0.8983,0.01,none,False,labyrinthians,迷宫徒,Labyrinthians,0.382,hornsworn,0.4011,0.3979,0.4767,low,False
c1,048,048,D:\download\ato2\ATO\map\images\c1-tile-048-front.jpg,minoians,米诺斯人,Minoans,1,low,,,,0.59,minoians,0.6598,0.8731,0.0275,none,False,minoians,米诺斯人,Minoans,0.4147,labyrinthians,0.4405,0.3821,0.5317,low,False
c1,049,049,D:\download\ato2\ATO\map\images\c1-tile-049-front.jpg,minoians,米诺斯人,Minoans,1,medium,,,,0.5904,minoians,0.6477,0.8217,0.0189,none,False,minoians,米诺斯人,Minoans,0.3455,labyrinthians,0.4071,0.3388,0.5437,medium,False
c1,050,050,D:\download\ato2\ATO\map\images\c1-tile-050-front.jpg,minoians,米诺斯人,Minoans,1,low,,,,0.6266,minoians,0.6957,0.9853,0.0272,none,False,minoians,米诺斯人,Minoans,0.4676,hornsworn,0.4834,0.4599,0.4534,low,False
c1,011,011,D:\download\ato2\ATO\map\images\c1-tile-011-front.jpg,labyrinthians,迷宫徒,Labyrinthians,1,medium,,,,0.6137,minoians,0.6674,0.8512,0.008,none,False,labyrinthians,迷宫徒,Labyrinthians,0.3763,minoians,0.3974,0.366,0.4791,medium,False
c1,012,012,D:\download\ato2\ATO\map\images\c1-tile-012-front.jpg,minoians,米诺斯人,Minoans,1,high,,,,0.6273,minoians,0.6933,0.917,0.0014,none,False,minoians,米诺斯人,Minoans,0.2211,labyrinthians,0.3365,0.294,0.5319,high,False
c1,013,013,D:\download\ato2\ATO\map\images\c1-tile-013-front.jpg,minoians,米诺斯人,Minoans,1,high,,,,0.6105,minoians,0.6669,0.8475,0.0036,none,False,minoians,米诺斯人,Minoans,0.2354,labyrinthians,0.336,0.2892,0.5373,high,False
c1,014,014,D:\download\ato2\ATO\map\images\c1-tile-014-front.jpg,minoians,米诺斯人,Minoans,1,high,,,,0.5826,minoians,0.6427,0.8288,0.0248,none,False,minoians,米诺斯人,Minoans,0.274,labyrinthians,0.3524,0.3014,0.5338,high,False
c1,015,015,D:\download\ato2\ATO\map\images\c1-tile-015-front.jpg,labyrinthians,迷宫徒,Labyrinthians,1,low,,,,0.588,labyrinthians,0.6473,0.7706,0.0454,none,False,labyrinthians,迷宫徒,Labyrinthians,0.3235,hornsworn,0.3412,0.3041,0.5558,low,False
c1,051,051,D:\download\ato2\ATO\map\images\c1-tile-051-front.jpg,minoians,米诺斯人,Minoans,1,low,,,,0.615,minoians,0.6832,0.9628,0.0302,none,False,minoians,米诺斯人,Minoans,0.4797,labyrinthians,0.4979,0.3973,0.515,low,False
c1,052,052,D:\download\ato2\ATO\map\images\c1-tile-052-front.jpg,minoians,米诺斯人,Minoans,1,low,,,,0.6363,minoians,0.7001,0.8418,0.0097,none,False,minoians,米诺斯人,Minoans,0.3826,labyrinthians,0.4286,0.3479,0.5324,low,False
c1,053,053,D:\download\ato2\ATO\map\images\c1-tile-053-front.jpg,labyrinthians,迷宫徒,Labyrinthians,1,low,,,,0.5759,minoians,0.6473,0.8263,0.0178,none,False,labyrinthians,迷宫徒,Labyrinthians,0.4005,minoians,0.4381,0.3561,0.5535,low,False
c1,054,054,D:\download\ato2\ATO\map\images\c1-tile-054-front.jpg,minoians,米诺斯人,Minoans,1,medium,,,,0.6303,minoians,0.6902,0.9102,0.0081,none,False,minoians,米诺斯人,Minoans,0.3453,labyrinthians,0.4072,0.33,0.5429,medium,False
c1,055,055,D:\download\ato2\ATO\map\images\c1-tile-055-front.jpg,labyrinthians,迷宫徒,Labyrinthians,1,low,,,,0.628,minoians,0.6918,0.9297,0.0173,none,False,labyrinthians,迷宫徒,Labyrinthians,0.4252,minoians,0.4369,0.3955,0.4845,low,False
c1,016,016,D:\download\ato2\ATO\map\images\c1-tile-016-front.jpg,minoians,米诺斯人,Minoans,1,medium,,,,0.5999,hornsworn,0.6076,0.746,0.006,none,False,minoians,米诺斯人,Minoans,0.3447,labyrinthians,0.389,0.3226,0.5544,medium,False
c1,017,017,D:\download\ato2\ATO\map\images\c1-tile-017-front.jpg,minoians,米诺斯人,Minoans,1,medium,,,,0.563,minoians,0.5739,0.7779,0.0084,none,False,minoians,米诺斯人,Minoans,0.3011,labyrinthians,0.3679,0.3072,0.5496,medium,False
c1,018,018,D:\download\ato2\ATO\map\images\c1-tile-018-front.jpg,minoians,米诺斯人,Minoans,1,high,,,,0.5315,hornsworn,0.5452,0.7449,0.0121,none,False,minoians,米诺斯人,Minoans,0.2553,labyrinthians,0.339,0.2908,0.5453,high,False
c1,019,019,D:\download\ato2\ATO\map\images\c1-tile-019-front.jpg,hornsworn,角誓者,Hornsworn,1,low,,,,0.5576,minoians,0.5634,0.6508,0.0106,none,False,hornsworn,角誓者,Hornsworn,0.3452,labyrinthians,0.3639,0.3001,0.5553,low,False
c1,020,020,D:\download\ato2\ATO\map\images\c1-tile-020-front.jpg,labyrinthians,迷宫徒,Labyrinthians,1,low,,,,0.3716,hornsworn,0.3861,0.4031,0.4816,none,True,labyrinthians,迷宫徒,Labyrinthians,0.3668,hornsworn,0.3683,0.3115,0.5773,low,False
c1,056,056,D:\download\ato2\ATO\map\images\c1-tile-056-front.jpg,"labyrinthians,minoians",迷宫徒、米诺斯人,"Labyrinthians, Minoans",2,low,labyrinthians,迷宫徒,Labyrinthians,0.3508,hornsworn,0.3709,0.3898,0.4806,medium,False,minoians,米诺斯人,Minoans,0.4122,hornsworn,0.4187,0.319,0.5797,low,False
c1,057,057,D:\download\ato2\ATO\map\images\c1-tile-057-front.jpg,"labyrinthians,minoians",迷宫徒、米诺斯人,"Labyrinthians, Minoans",2,low,labyrinthians,迷宫徒,Labyrinthians,0.314,hornsworn,0.336,0.3693,0.4778,medium,False,minoians,米诺斯人,Minoans,0.4246,labyrinthians,0.4256,0.3255,0.5631,low,False
c1,058,058,D:\download\ato2\ATO\map\images\c1-tile-058-front.jpg,"labyrinthians,hornsworn",迷宫徒、角誓者,"Labyrinthians, Hornsworn",2,low,labyrinthians,迷宫徒,Labyrinthians,0.3992,hornsworn,0.415,0.4161,0.4761,low,False,hornsworn,角誓者,Hornsworn,0.3574,minoians,0.3786,0.2958,0.5849,medium,False
c1,059,059,D:\download\ato2\ATO\map\images\c1-tile-059-front.jpg,minoians,米诺斯人,Minoans,1,low,,,,0.6266,minoians,0.69,0.9237,0.0233,none,False,minoians,米诺斯人,Minoans,0.4424,labyrinthians,0.4513,0.3686,0.5328,low,False
c1,060,060,D:\download\ato2\ATO\map\images\c1-tile-060-front.jpg,minoians,米诺斯人,Minoans,1,medium,,,,0.4999,minoians,0.5251,0.7085,0.0082,none,False,minoians,米诺斯人,Minoans,0.3352,labyrinthians,0.3752,0.259,0.5512,medium,False
c1,T00,T00,D:\download\ato2\ATO\map\images\c1-tile-T00-front.jpg,hornsworn,角誓者,Hornsworn,1,forced,,,,0.6388,minoians,0.7063,0.965,0.0044,none,False,hornsworn,角誓者,Hornsworn,0.6156,minoians,0.6819,0.8628,0.0002,forced,False
c1,T06,T06,D:\download\ato2\ATO\map\images\c1-tile-T06-front.jpg,minoians,米诺斯人,Minoans,1,low,,,,0.6007,minoians,0.6451,0.7749,0.0242,none,False,minoians,米诺斯人,Minoans,0.3947,labyrinthians,0.4366,0.3762,0.539,low,False
c1,T01,T01,D:\download\ato2\ATO\map\images\c1-tile-T01-front.jpg,hornsworn,角誓者,Hornsworn,1,forced,,,,0.6221,minoians,0.6824,0.8562,0.0052,none,False,hornsworn,角誓者,Hornsworn,0.6203,minoians,0.6781,0.8929,0.0019,forced,False
c1,T02,T02,D:\download\ato2\ATO\map\images\c1-tile-T02-front.jpg,hornsworn,角誓者,Hornsworn,1,forced,,,,0.6155,minoians,0.6852,0.9593,0.0004,none,False,hornsworn,角誓者,Hornsworn,0.5889,minoians,0.6243,0.8587,0.0214,forced,False
c1,021,021,D:\download\ato2\ATO\map\images\c1-tile-021-front.jpg,minoians,米诺斯人,Minoans,1,medium,,,,0.5747,hornsworn,0.5809,0.6294,0.0071,none,False,minoians,米诺斯人,Minoans,0.3268,labyrinthians,0.3749,0.2648,0.5527,medium,False
c1,T03,T03,D:\download\ato2\ATO\map\images\c1-tile-T03-front.jpg,hornsworn,角誓者,Hornsworn,1,forced,,,,0.6222,minoians,0.6844,0.908,0.0005,none,False,hornsworn,角誓者,Hornsworn,0.6225,minoians,0.6637,0.8943,0.0011,forced,False
c1,022,022,D:\download\ato2\ATO\map\images\c1-tile-022-front.jpg,minoians,米诺斯人,Minoans,1,medium,,,,0.6058,minoians,0.6427,0.8173,0.0218,none,False,minoians,米诺斯人,Minoans,0.3746,labyrinthians,0.4152,0.3427,0.5427,medium,False
c1,T04,T04,D:\download\ato2\ATO\map\images\c1-tile-T04-front.jpg,hornsworn,角誓者,Hornsworn,1,forced,,,,0.6272,minoians,0.6874,0.9128,0.0015,none,False,hornsworn,角誓者,Hornsworn,0.6029,minoians,0.6607,0.8398,0.0124,forced,False
c1,023,023,D:\download\ato2\ATO\map\images\c1-tile-023-front.jpg,labyrinthians,迷宫徒,Labyrinthians,1,low,labyrinthians,迷宫徒,Labyrinthians,0.3749,hornsworn,0.3897,0.4107,0.4766,low,False,,,,0.4099,minoians,0.4204,0.3492,0.5644,none,True
c1,024,024,D:\download\ato2\ATO\map\images\c1-tile-024-front.jpg,labyrinthians,迷宫徒,Labyrinthians,1,medium,,,,0.3861,minoians,0.4022,0.411,0.481,none,True,labyrinthians,迷宫徒,Labyrinthians,0.3478,hornsworn,0.377,0.3109,0.5712,medium,False
c1,025,025,D:\download\ato2\ATO\map\images\c1-tile-025-front.jpg,labyrinthians,迷宫徒,Labyrinthians,1,medium,,,,0.4185,minoians,0.4401,0.4378,0.4809,none,True,labyrinthians,迷宫徒,Labyrinthians,0.3457,minoians,0.3895,0.3233,0.5819,medium,False
c1,061,061,D:\download\ato2\ATO\map\images\c1-tile-061-front.jpg,labyrinthians,迷宫徒,Labyrinthians,1,medium,,,,0.4257,minoians,0.4464,0.4432,0.4786,none,True,labyrinthians,迷宫徒,Labyrinthians,0.3478,minoians,0.4026,0.3351,0.5837,medium,False
c1,062,062,D:\download\ato2\ATO\map\images\c1-tile-062-front.jpg,labyrinthians,迷宫徒,Labyrinthians,1,low,labyrinthians,迷宫徒,Labyrinthians,0.3572,hornsworn,0.3682,0.3844,0.4802,low,False,,,,0.406,minoians,0.4169,0.3156,0.5651,none,True
c1,063,063,D:\download\ato2\ATO\map\images\c1-tile-063-front.jpg,labyrinthians,迷宫徒,Labyrinthians,1,low,labyrinthians,迷宫徒,Labyrinthians,0.3636,hornsworn,0.3805,0.402,0.4772,low,False,,,,0.4005,hornsworn,0.4098,0.3342,0.568,none,True
c1,064,064,D:\download\ato2\ATO\map\images\c1-tile-064-front.jpg,labyrinthians,迷宫徒,Labyrinthians,1,low,,,,0.5959,minoians,0.669,0.8506,0.0123,none,False,labyrinthians,迷宫徒,Labyrinthians,0.3824,hornsworn,0.4145,0.329,0.5599,low,False
c1,065,065,D:\download\ato2\ATO\map\images\c1-tile-065-front.jpg,minoians,米诺斯人,Minoans,1,medium,,,,0.6339,minoians,0.7028,0.9698,0.0148,none,False,minoians,米诺斯人,Minoans,0.3685,labyrinthians,0.3977,0.3285,0.5366,medium,False
c1,026,026,D:\download\ato2\ATO\map\images\c1-tile-026-front.jpg,minoians,米诺斯人,Minoans,1,medium,,,,0.6191,minoians,0.6803,0.8542,0.0065,none,False,minoians,米诺斯人,Minoans,0.3012,labyrinthians,0.3776,0.3238,0.5318,medium,False
c1,027,027,D:\download\ato2\ATO\map\images\c1-tile-027-front.jpg,minoians,米诺斯人,Minoans,1,high,,,,0.618,minoians,0.6812,0.8932,0.0003,none,False,minoians,米诺斯人,Minoans,0.2507,labyrinthians,0.3478,0.299,0.5337,high,False
c1,028,028,D:\download\ato2\ATO\map\images\c1-tile-028-front.jpg,minoians,米诺斯人,Minoans,1,medium,,,,0.6173,minoians,0.6693,0.8235,0.023,none,False,minoians,米诺斯人,Minoans,0.3178,labyrinthians,0.3783,0.3243,0.5398,medium,False
c1,029,029,D:\download\ato2\ATO\map\images\c1-tile-029-front.jpg,hornsworn,角誓者,Hornsworn,1,low,,,,0.6121,hornsworn,0.6409,0.6707,0.0204,none,False,hornsworn,角誓者,Hornsworn,0.3879,minoians,0.4052,0.3224,0.5634,low,False
c1,030,030,D:\download\ato2\ATO\map\images\c1-tile-030-front.jpg,hornsworn,角誓者,Hornsworn,1,medium,,,,0.6216,minoians,0.6845,0.8751,0.0119,none,False,hornsworn,角誓者,Hornsworn,0.3389,labyrinthians,0.3615,0.3062,0.5514,medium,False
c1,066,066,D:\download\ato2\ATO\map\images\c1-tile-066-front.jpg,minoians,米诺斯人,Minoans,1,medium,,,,0.5938,minoians,0.6624,0.9181,0.0061,none,False,minoians,米诺斯人,Minoans,0.331,labyrinthians,0.3968,0.3376,0.5358,medium,False
c1,067,067,D:\download\ato2\ATO\map\images\c1-tile-067-front.jpg,"labyrinthians,minoians",迷宫徒、米诺斯人,"Labyrinthians, Minoans",2,low,labyrinthians,迷宫徒,Labyrinthians,0.3301,hornsworn,0.3487,0.4082,0.471,low,False,minoians,米诺斯人,Minoans,0.4475,labyrinthians,0.45,0.369,0.5438,low,False
c1,068,068,D:\download\ato2\ATO\map\images\c1-tile-068-front.jpg,minoians,米诺斯人,Minoans,1,low,,,,0.5857,labyrinthians,0.6662,0.8709,0.0444,none,False,minoians,米诺斯人,Minoans,0.4517,hornsworn,0.4538,0.3792,0.5297,low,False
c1,069,069,D:\download\ato2\ATO\map\images\c1-tile-069-front.jpg,hornsworn,角誓者,Hornsworn,1,low,,,,0.6353,minoians,0.7021,0.9489,0.0045,none,False,hornsworn,角誓者,Hornsworn,0.3572,labyrinthians,0.3581,0.3182,0.5384,low,False
c1,070,070,D:\download\ato2\ATO\map\images\c1-tile-070-front.jpg,hornsworn,角誓者,Hornsworn,1,low,,,,0.6218,minoians,0.6888,0.9098,0.0048,none,False,hornsworn,角誓者,Hornsworn,0.3859,labyrinthians,0.3884,0.4067,0.4598,low,False
c1,031,031,D:\download\ato2\ATO\map\images\c1-tile-031-front.jpg,labyrinthians,迷宫徒,Labyrinthians,1,low,,,,0.5849,minoians,0.6373,0.8158,0.0195,none,False,labyrinthians,迷宫徒,Labyrinthians,0.3814,hornsworn,0.3947,0.396,0.4774,low,False
c1,032,032,D:\download\ato2\ATO\map\images\c1-tile-032-front.jpg,minoians,米诺斯人,Minoans,1,medium,,,,0.6289,minoians,0.6927,0.8971,0.0162,none,False,minoians,米诺斯人,Minoans,0.3716,labyrinthians,0.4141,0.3465,0.5412,medium,False
c1,033,033,D:\download\ato2\ATO\map\images\c1-tile-033-front.jpg,minoians,米诺斯人,Minoans,1,low,,,,0.6168,minoians,0.6879,0.8875,0.0117,none,False,minoians,米诺斯人,Minoans,0.3803,labyrinthians,0.4048,0.336,0.5559,low,False
c1,034,034,D:\download\ato2\ATO\map\images\c1-tile-034-front.jpg,minoians,米诺斯人,Minoans,1,medium,,,,0.6029,minoians,0.6498,0.8598,0.0067,none,False,minoians,米诺斯人,Minoans,0.3089,labyrinthians,0.3835,0.322,0.5392,medium,False
c1,035,035,D:\download\ato2\ATO\map\images\c1-tile-035-front.jpg,labyrinthians,迷宫徒,Labyrinthians,1,low,,,,0.6174,minoians,0.6755,0.9265,0.0294,none,False,labyrinthians,迷宫徒,Labyrinthians,0.4768,minoians,0.4832,0.4119,0.5226,low,False
c1,071,071,D:\download\ato2\ATO\map\images\c1-tile-071-front.jpg,minoians,米诺斯人,Minoans,1,high,,,,0.6184,minoians,0.688,0.9082,0.0032,none,False,minoians,米诺斯人,Minoans,0.2572,labyrinthians,0.3445,0.2821,0.5305,high,False
c1,072,072,D:\download\ato2\ATO\map\images\c1-tile-072-front.jpg,minoians,米诺斯人,Minoans,1,medium,,,,0.6123,labyrinthians,0.6662,0.7515,0.0041,none,False,minoians,米诺斯人,Minoans,0.3151,labyrinthians,0.3724,0.3086,0.5345,medium,False
c1,073,073,D:\download\ato2\ATO\map\images\c1-tile-073-front.jpg,minoians,米诺斯人,Minoans,1,high,,,,0.6262,minoians,0.6914,0.9128,0.0001,none,False,minoians,米诺斯人,Minoans,0.2628,labyrinthians,0.3504,0.2928,0.5333,high,False
c1,074,074,D:\download\ato2\ATO\map\images\c1-tile-074-front.jpg,minoians,米诺斯人,Minoans,1,medium,,,,0.5769,minoians,0.6461,0.813,0.0036,none,False,minoians,米诺斯人,Minoans,0.3091,labyrinthians,0.3729,0.3181,0.5342,medium,False
c1,075,075,D:\download\ato2\ATO\map\images\c1-tile-075-front.jpg,hornsworn,角誓者,Hornsworn,1,medium,,,,0.6272,minoians,0.6747,0.872,0.0043,none,False,hornsworn,角誓者,Hornsworn,0.3024,labyrinthians,0.3326,0.3881,0.4446,medium,False
c1,036,036,D:\download\ato2\ATO\map\images\c1-tile-036-front.jpg,minoians,米诺斯人,Minoans,1,low,,,,0.5837,minoians,0.6485,0.9272,0.0393,none,False,minoians,米诺斯人,Minoans,0.4775,labyrinthians,0.4974,0.4454,0.4418,low,False
c1,037,037,D:\download\ato2\ATO\map\images\c1-tile-037-front.jpg,labyrinthians,迷宫徒,Labyrinthians,1,low,,,,0.6316,minoians,0.6961,0.9098,0.0188,none,False,labyrinthians,迷宫徒,Labyrinthians,0.4318,hornsworn,0.4351,0.4253,0.4697,low,False
c1,038,038,D:\download\ato2\ATO\map\images\c1-tile-038-front.jpg,labyrinthians,迷宫徒,Labyrinthians,1,low,,,,0.6283,minoians,0.679,0.8531,0.0203,none,False,labyrinthians,迷宫徒,Labyrinthians,0.4201,hornsworn,0.4258,0.4217,0.4689,low,False
c1,039,039,D:\download\ato2\ATO\map\images\c1-tile-039-front.jpg,labyrinthians,迷宫徒,Labyrinthians,1,low,,,,0.622,minoians,0.6781,0.8783,0.0187,none,False,labyrinthians,迷宫徒,Labyrinthians,0.4189,hornsworn,0.426,0.4214,0.4692,low,False
c1,040,040,D:\download\ato2\ATO\map\images\c1-tile-040-front.jpg,minoians,米诺斯人,Minoans,1,low,,,,0.595,minoians,0.6447,0.8772,0.0387,none,False,minoians,米诺斯人,Minoans,0.4648,labyrinthians,0.4786,0.4509,0.4557,low,False
c1,076,076,D:\download\ato2\ATO\map\images\c1-tile-076-front.jpg,hornsworn,角誓者,Hornsworn,1,low,,,,0.6187,minoians,0.6755,0.8613,0.0036,none,False,hornsworn,角誓者,Hornsworn,0.355,labyrinthians,0.3685,0.385,0.4558,low,False
c1,077,077,D:\download\ato2\ATO\map\images\c1-tile-077-front.jpg,hornsworn,角誓者,Hornsworn,1,low,,,,0.6291,minoians,0.6948,0.939,0.003,none,False,hornsworn,角誓者,Hornsworn,0.3485,labyrinthians,0.3577,0.3288,0.4927,low,False
c1,078,078,D:\download\ato2\ATO\map\images\c1-tile-078-front.jpg,hornsworn,角誓者,Hornsworn,1,low,,,,0.6278,minoians,0.6889,0.9022,0.0018,none,False,hornsworn,角誓者,Hornsworn,0.3151,labyrinthians,0.3332,0.3053,0.4946,low,False
c1,079,079,D:\download\ato2\ATO\map\images\c1-tile-079-front.jpg,hornsworn,角誓者,Hornsworn,1,low,,,,0.6019,minoians,0.6777,0.8384,0.0044,none,False,hornsworn,角誓者,Hornsworn,0.3998,labyrinthians,0.4081,0.3888,0.4851,low,False
c1,080,080,D:\download\ato2\ATO\map\images\c1-tile-080-front.jpg,hornsworn,角誓者,Hornsworn,1,low,,,,0.6211,minoians,0.6836,0.882,0.0028,none,False,hornsworn,角誓者,Hornsworn,0.3719,labyrinthians,0.3849,0.3626,0.4853,low,False
c2,001,001,D:\download\ato2\ATO\map\images\c2-tile-001-front.png,symmachy,邦联同盟,Symmachy,1,forced,,,,0.5826,cyclopes,0.6808,0.7211,0.0002,none,False,symmachy,邦联同盟,Symmachy,0.6833,helots,0.783,0.8591,0.1412,forced,False
c2,002,002,D:\download\ato2\ATO\map\images\c2-tile-002-front.png,symmachy,邦联同盟,Symmachy,1,forced,,,,0.5641,cyclopes,0.6791,0.8735,0.0719,none,False,symmachy,邦联同盟,Symmachy,0.6771,helots,0.7794,0.8581,0.1487,forced,False
c2,003,003,D:\download\ato2\ATO\map\images\c2-tile-003-front.png,symmachy,邦联同盟,Symmachy,1,forced,,,,0.6024,cyclopes,0.7282,0.8763,0.0,none,False,symmachy,邦联同盟,Symmachy,0.6791,helots,0.7748,0.8582,0.1398,forced,False
c2,004,004,D:\download\ato2\ATO\map\images\c2-tile-004-front.png,symmachy,邦联同盟,Symmachy,1,forced,,,,0.615,cyclopes,0.7552,0.9461,0.0,none,False,symmachy,邦联同盟,Symmachy,0.6657,helots,0.7945,0.86,0.141,forced,False
c2,005,005,D:\download\ato2\ATO\map\images\c2-tile-005-front.png,symmachy,邦联同盟,Symmachy,1,forced,,,,0.5755,cyclopes,0.7172,0.9183,0.0,none,False,symmachy,邦联同盟,Symmachy,0.669,helots,0.772,0.8585,0.1415,forced,False
c2,006,006,D:\download\ato2\ATO\map\images\c2-tile-006-front.png,symmachy,邦联同盟,Symmachy,1,forced,,,,0.6189,cyclopes,0.758,0.9206,0.0004,none,False,symmachy,邦联同盟,Symmachy,0.6572,cyclopes,0.7675,0.8585,0.1416,forced,False
c2,007,007,D:\download\ato2\ATO\map\images\c2-tile-007-front.png,helots,希洛人,Helots,1,low,,,,0.5427,cyclopes,0.7068,0.8799,0.0289,none,False,helots,希洛人,Helots,0.7205,cyclopes,0.7816,0.7455,0.2608,low,False
c2,008,008,D:\download\ato2\ATO\map\images\c2-tile-008-front.png,helots,希洛人,Helots,1,low,,,,0.5263,cyclopes,0.5633,0.5958,0.1616,none,False,helots,希洛人,Helots,0.7253,cyclopes,0.7801,0.7471,0.2595,low,False
c2,009,009,D:\download\ato2\ATO\map\images\c2-tile-009-front.png,symmachy,邦联同盟,Symmachy,1,forced,,,,0.6106,helots,0.702,0.8142,0.1166,none,False,symmachy,邦联同盟,Symmachy,0.6481,cyclopes,0.7692,0.8695,0.1293,forced,False
c2,010,010,D:\download\ato2\ATO\map\images\c2-tile-010-front.png,symmachy,邦联同盟,Symmachy,1,forced,,,,0.5651,cyclopes,0.7096,0.8676,0.0473,none,False,symmachy,邦联同盟,Symmachy,0.6536,cyclopes,0.7757,0.8701,0.1256,forced,False
c2,011,011,D:\download\ato2\ATO\map\images\c2-tile-011-front.png,symmachy,邦联同盟,Symmachy,1,forced,,,,0.62,cyclopes,0.7691,0.9964,0.0065,none,False,symmachy,邦联同盟,Symmachy,0.6678,cyclopes,0.7807,0.8703,0.1293,forced,False
c2,012,012,D:\download\ato2\ATO\map\images\c2-tile-012-front.png,symmachy,邦联同盟,Symmachy,1,forced,,,,0.612,cyclopes,0.756,0.9384,0.0,none,False,symmachy,邦联同盟,Symmachy,0.6669,cyclopes,0.7779,0.8724,0.1275,forced,False
c2,013,013,D:\download\ato2\ATO\map\images\c2-tile-013-front.png,symmachy,邦联同盟,Symmachy,1,forced,,,,0.6052,helots,0.6987,0.7807,0.1064,none,False,symmachy,邦联同盟,Symmachy,0.6244,cyclopes,0.7506,0.885,0.1078,forced,False
c2,014,014,D:\download\ato2\ATO\map\images\c2-tile-014-front.png,symmachy,邦联同盟,Symmachy,1,low,,,,0.5939,cyclopes,0.6727,0.7803,0.1416,none,False,symmachy,邦联同盟,Symmachy,0.7134,helots,0.7237,0.7549,0.2551,low,False
c2,015,015,D:\download\ato2\ATO\map\images\c2-tile-015-front.png,symmachy,邦联同盟,Symmachy,1,low,,,,0.4853,cyclopes,0.6723,0.7994,0.0012,none,False,symmachy,邦联同盟,Symmachy,0.7132,helots,0.7217,0.7564,0.2519,low,False
c2,016,016,D:\download\ato2\ATO\map\images\c2-tile-016-front.png,symmachy,邦联同盟,Symmachy,1,forced,,,,0.368,cyclopes,0.4334,0.3317,0.0005,none,False,symmachy,邦联同盟,Symmachy,0.6691,helots,0.7901,0.8652,0.1349,forced,False
c2,017,017,D:\download\ato2\ATO\map\images\c2-tile-017-front.png,symmachy,邦联同盟,Symmachy,1,low,,,,0.5835,symmachy,0.5892,0.7734,0.0036,none,False,symmachy,邦联同盟,Symmachy,0.6476,cyclopes,0.7649,0.857,0.141,low,False
c2,018,018,D:\download\ato2\ATO\map\images\c2-tile-018-front.png,symmachy,邦联同盟,Symmachy,1,low,,,,0.5459,cyclopes,0.624,0.787,0.1025,none,False,symmachy,邦联同盟,Symmachy,0.6302,cyclopes,0.7579,0.8515,0.1363,low,False
c2,019,019,D:\download\ato2\ATO\map\images\c2-tile-019-front.png,symmachy,邦联同盟,Symmachy,1,forced,,,,0.6268,cyclopes,0.7483,0.9252,0.0733,none,False,symmachy,邦联同盟,Symmachy,0.645,cyclopes,0.7795,0.8605,0.1381,forced,False
c2,020,020,D:\download\ato2\ATO\map\images\c2-tile-020-front.png,symmachy,邦联同盟,Symmachy,1,forced,,,,0.4994,cyclopes,0.6747,0.8748,0.1012,none,False,symmachy,邦联同盟,Symmachy,0.6287,cyclopes,0.7523,0.8779,0.1208,forced,False
c2,021,021,D:\download\ato2\ATO\map\images\c2-tile-021-front.png,symmachy,邦联同盟,Symmachy,1,forced,,,,0.5893,cyclopes,0.7231,0.9486,0.0264,none,False,symmachy,邦联同盟,Symmachy,0.6277,cyclopes,0.7515,0.878,0.1176,forced,False
c2,022,022,D:\download\ato2\ATO\map\images\c2-tile-022-front.png,helots,希洛人,Helots,1,low,,,,0.615,cyclopes,0.7575,0.9559,0.0,none,False,helots,希洛人,Helots,0.734,cyclopes,0.7791,0.7549,0.2562,low,False
c2,023,023,D:\download\ato2\ATO\map\images\c2-tile-023-front.png,symmachy,邦联同盟,Symmachy,1,forced,,,,0.599,cyclopes,0.7325,0.8983,0.008,none,False,symmachy,邦联同盟,Symmachy,0.6757,helots,0.7825,0.8617,0.1376,forced,False
c2,024,024,D:\download\ato2\ATO\map\images\c2-tile-024-front.png,symmachy,邦联同盟,Symmachy,1,forced,,,,0.6167,cyclopes,0.7166,0.8864,0.0919,none,False,symmachy,邦联同盟,Symmachy,0.6743,helots,0.7902,0.8701,0.1342,forced,False
c2,025,025,D:\download\ato2\ATO\map\images\c2-tile-025-front.png,"helots,symmachy",希洛人、邦联同盟,"Helots, Symmachy",2,forced,helots,希洛人,Helots,0.3667,cyclopes,0.4051,0.2441,0.2348,medium,False,symmachy,邦联同盟,Symmachy,0.6339,cyclopes,0.7441,0.8757,0.1239,forced,False
c2,026,026,D:\download\ato2\ATO\map\images\c2-tile-026-front.png,symmachy,邦联同盟,Symmachy,1,forced,,,,0.5684,cyclopes,0.7007,0.854,0.0593,none,False,symmachy,邦联同盟,Symmachy,0.6344,cyclopes,0.7427,0.8737,0.1178,forced,False
c2,027,027,D:\download\ato2\ATO\map\images\c2-tile-027-front.png,symmachy,邦联同盟,Symmachy,1,forced,,,,0.5423,cyclopes,0.662,0.809,0.1899,none,False,symmachy,邦联同盟,Symmachy,0.6268,cyclopes,0.7497,0.8798,0.1157,forced,False
c2,028,028,D:\download\ato2\ATO\map\images\c2-tile-028-front.png,symmachy,邦联同盟,Symmachy,1,low,,,,0.5893,helots,0.6745,0.7071,0.0014,none,False,symmachy,邦联同盟,Symmachy,0.7211,helots,0.7221,0.7509,0.2594,low,False
c2,029,029,D:\download\ato2\ATO\map\images\c2-tile-029-front.png,helots,希洛人,Helots,1,low,,,,0.572,cyclopes,0.652,0.7389,0.2004,none,False,helots,希洛人,Helots,0.7328,cyclopes,0.7557,0.7534,0.2623,low,False
c2,030,030,D:\download\ato2\ATO\map\images\c2-tile-030-front.png,symmachy,邦联同盟,Symmachy,1,forced,,,,0.5771,cyclopes,0.6531,0.7389,0.1026,none,False,symmachy,邦联同盟,Symmachy,0.6614,helots,0.8052,0.863,0.1345,forced,False
c2,031,031,D:\download\ato2\ATO\map\images\c2-tile-031-front.png,symmachy,邦联同盟,Symmachy,1,forced,,,,0.6218,cyclopes,0.7299,0.8808,0.0973,none,False,symmachy,邦联同盟,Symmachy,0.6789,helots,0.7782,0.87,0.1336,forced,False
c2,032,032,D:\download\ato2\ATO\map\images\c2-tile-032-front.png,symmachy,邦联同盟,Symmachy,1,forced,,,,0.6001,cyclopes,0.7388,0.9649,0.0099,none,False,symmachy,邦联同盟,Symmachy,0.6355,cyclopes,0.7449,0.8797,0.1181,forced,False
c2,033,033,D:\download\ato2\ATO\map\images\c2-tile-033-front.png,symmachy,邦联同盟,Symmachy,1,forced,,,,0.4709,cyclopes,0.5688,0.7108,0.0,none,False,symmachy,邦联同盟,Symmachy,0.6395,cyclopes,0.7398,0.8791,0.1182,forced,False
c2,034,034,D:\download\ato2\ATO\map\images\c2-tile-034-front.png,symmachy,邦联同盟,Symmachy,1,forced,,,,0.5088,cyclopes,0.6183,0.7667,0.0,none,False,symmachy,邦联同盟,Symmachy,0.6343,cyclopes,0.738,0.8761,0.1147,forced,False
c2,035,035,D:\download\ato2\ATO\map\images\c2-tile-035-front.png,symmachy,邦联同盟,Symmachy,1,low,,,,0.5782,cyclopes,0.7255,0.9203,0.0411,none,False,symmachy,邦联同盟,Symmachy,0.6903,helots,0.7126,0.7515,0.2571,low,False
c2,036,036,D:\download\ato2\ATO\map\images\c2-tile-036-front.png,helots,希洛人,Helots,1,low,,,,0.5847,cyclopes,0.757,0.9635,0.0292,none,False,helots,希洛人,Helots,0.7318,cyclopes,0.7518,0.7509,0.261,low,False
c2,037,037,D:\download\ato2\ATO\map\images\c2-tile-037-front.png,symmachy,邦联同盟,Symmachy,1,forced,,,,0.6051,cyclopes,0.7266,0.9104,0.0,none,False,symmachy,邦联同盟,Symmachy,0.6706,helots,0.79,0.8614,0.1393,forced,False
c2,038,038,D:\download\ato2\ATO\map\images\c2-tile-038-front.png,symmachy,邦联同盟,Symmachy,1,low,symmachy,邦联同盟,Symmachy,0.4663,cyclopes,0.5206,0.5207,0.3166,low,False,,,,0.6331,cyclopes,0.7494,0.8734,0.1403,none,True
c2,039,039,D:\download\ato2\ATO\map\images\c2-tile-039-front.png,symmachy,邦联同盟,Symmachy,1,forced,,,,0.5087,symmachy,0.5646,0.5433,0.0,none,False,symmachy,邦联同盟,Symmachy,0.6343,cyclopes,0.7436,0.8765,0.1207,forced,False
c2,040,040,D:\download\ato2\ATO\map\images\c2-tile-040-front.png,helots,希洛人,Helots,1,low,,,,0.6269,cyclopes,0.7259,0.892,0.0936,none,False,helots,希洛人,Helots,0.7327,cyclopes,0.7889,0.7571,0.2568,low,False
c2,041,041,D:\download\ato2\ATO\map\images\c2-tile-041-front.png,helots,希洛人,Helots,1,low,,,,0.5958,cyclopes,0.7358,0.8759,0.1151,none,False,helots,希洛人,Helots,0.7319,cyclopes,0.7796,0.7543,0.2575,low,False
c2,042,042,D:\download\ato2\ATO\map\images\c2-tile-042-front.png,helots,希洛人,Helots,1,low,,,,0.5801,cyclopes,0.6344,0.8033,0.0042,none,False,helots,希洛人,Helots,0.7345,cyclopes,0.7709,0.7567,0.2541,low,False
c2,043,043,D:\download\ato2\ATO\map\images\c2-tile-043-front.png,symmachy,邦联同盟,Symmachy,1,forced,,,,0.5911,cyclopes,0.7292,0.9169,0.0,none,False,symmachy,邦联同盟,Symmachy,0.6831,helots,0.764,0.8639,0.1357,forced,False
c2,044,044,D:\download\ato2\ATO\map\images\c2-tile-044-front.png,symmachy,邦联同盟,Symmachy,1,forced,,,,0.5985,cyclopes,0.7457,0.9098,0.0684,none,False,symmachy,邦联同盟,Symmachy,0.6775,helots,0.7792,0.8639,0.1368,forced,False
c2,045,045,D:\download\ato2\ATO\map\images\c2-tile-045-front.png,symmachy,邦联同盟,Symmachy,1,forced,,,,0.1756,cyclopes,0.2394,0.0359,0.0694,none,False,symmachy,邦联同盟,Symmachy,0.6703,helots,0.7925,0.8636,0.1425,forced,False
c2,046,046,D:\download\ato2\ATO\map\images\c2-tile-046-front.png,symmachy,邦联同盟,Symmachy,1,forced,,,,0.3936,cyclopes,0.478,0.3556,0.0019,none,False,symmachy,邦联同盟,Symmachy,0.6356,cyclopes,0.7465,0.8768,0.1152,forced,False
c2,047,047,D:\download\ato2\ATO\map\images\c2-tile-047-front.png,symmachy,邦联同盟,Symmachy,1,medium,symmachy,邦联同盟,Symmachy,0.3424,cyclopes,0.4124,0.4401,0.1633,medium,False,,,,0.6355,cyclopes,0.7502,0.8754,0.1182,none,True
c2,048,048,D:\download\ato2\ATO\map\images\c2-tile-048-front.png,symmachy,邦联同盟,Symmachy,1,low,symmachy,邦联同盟,Symmachy,0.4187,helots,0.6047,0.6963,0.2227,low,False,,,,0.6363,cyclopes,0.7387,0.8749,0.1277,none,True
c2,049,049,D:\download\ato2\ATO\map\images\c2-tile-049-front.png,helots,希洛人,Helots,1,low,,,,0.4024,cyclopes,0.404,0.3255,0.0865,none,False,helots,希洛人,Helots,0.7319,cyclopes,0.7612,0.754,0.2566,low,False
c2,050,050,D:\download\ato2\ATO\map\images\c2-tile-050-front.png,symmachy,邦联同盟,Symmachy,1,forced,,,,0.607,cyclopes,0.7525,0.9642,0.0,none,False,symmachy,邦联同盟,Symmachy,0.6823,helots,0.7713,0.8605,0.1393,forced,False
c2,051,051,D:\download\ato2\ATO\map\images\c2-tile-051-front.png,symmachy,邦联同盟,Symmachy,1,low,,,,0.587,helots,0.6398,0.6728,0.222,none,False,symmachy,邦联同盟,Symmachy,0.6622,helots,0.8029,0.8688,0.1519,low,False
c2,052,052,D:\download\ato2\ATO\map\images\c2-tile-052-front.png,symmachy,邦联同盟,Symmachy,1,forced,,,,0.5827,cyclopes,0.7457,0.9339,0.0579,none,False,symmachy,邦联同盟,Symmachy,0.6282,cyclopes,0.7543,0.8791,0.1128,forced,False
c2,053,053,D:\download\ato2\ATO\map\images\c2-tile-053-front.png,symmachy,邦联同盟,Symmachy,1,forced,,,,0.5797,cyclopes,0.6822,0.7918,0.0,none,False,symmachy,邦联同盟,Symmachy,0.6345,cyclopes,0.7494,0.8782,0.1156,forced,False
c2,054,054,D:\download\ato2\ATO\map\images\c2-tile-054-front.png,symmachy,邦联同盟,Symmachy,1,forced,,,,0.4774,cyclopes,0.5045,0.5624,0.0,none,False,symmachy,邦联同盟,Symmachy,0.636,cyclopes,0.7486,0.8807,0.1137,forced,False
c2,055,055,D:\download\ato2\ATO\map\images\c2-tile-055-front.png,helots,希洛人,Helots,1,low,,,,0.5238,cyclopes,0.6341,0.8059,0.1627,none,False,helots,希洛人,Helots,0.7211,symmachy,0.742,0.7479,0.2691,low,False
c2,056,056,D:\download\ato2\ATO\map\images\c2-tile-056-front.png,helots,希洛人,Helots,1,low,,,,0.3651,cyclopes,0.4169,0.2059,0.0134,none,False,helots,希洛人,Helots,0.7259,cyclopes,0.7843,0.7516,0.2546,low,False
c2,057,057,D:\download\ato2\ATO\map\images\c2-tile-057-front.png,symmachy,邦联同盟,Symmachy,1,forced,,,,0.5935,cyclopes,0.7143,0.8619,0.0,none,False,symmachy,邦联同盟,Symmachy,0.6681,helots,0.797,0.862,0.1376,forced,False
c2,058,058,D:\download\ato2\ATO\map\images\c2-tile-058-front.png,symmachy,邦联同盟,Symmachy,1,low,symmachy,邦联同盟,Symmachy,0.4359,helots,0.4788,0.5715,0.2223,low,False,,,,0.6776,helots,0.7875,0.8614,0.1398,none,True
c2,059,059,D:\download\ato2\ATO\map\images\c2-tile-059-front.png,symmachy,邦联同盟,Symmachy,1,forced,,,,0.616,cyclopes,0.7581,0.9717,0.0011,none,False,symmachy,邦联同盟,Symmachy,0.6347,cyclopes,0.7432,0.8776,0.1177,forced,False
c2,060,060,D:\download\ato2\ATO\map\images\c2-tile-060-front.png,symmachy,邦联同盟,Symmachy,1,forced,,,,0.5855,cyclopes,0.6974,0.9019,0.0001,none,False,symmachy,邦联同盟,Symmachy,0.6368,cyclopes,0.7336,0.8721,0.1274,forced,False
c2,061,061,D:\download\ato2\ATO\map\images\c2-tile-061-front.png,symmachy,邦联同盟,Symmachy,1,forced,,,,0.5116,cyclopes,0.625,0.8203,0.0793,none,False,symmachy,邦联同盟,Symmachy,0.6347,cyclopes,0.737,0.8728,0.128,forced,False
c2,062,062,D:\download\ato2\ATO\map\images\c2-tile-062-front.png,helots,希洛人,Helots,1,low,,,,0.5855,cyclopes,0.641,0.8605,0.1206,none,False,helots,希洛人,Helots,0.7291,cyclopes,0.7845,0.7506,0.2654,low,False
c2,063,063,D:\download\ato2\ATO\map\images\c2-tile-063-front.png,helots,希洛人,Helots,1,low,,,,0.325,helots,0.3532,0.3833,0.0059,none,False,helots,希洛人,Helots,0.7302,cyclopes,0.7819,0.7503,0.2626,low,False
c2,064,064,D:\download\ato2\ATO\map\images\c2-tile-064-front.png,symmachy,邦联同盟,Symmachy,1,forced,,,,0.6026,cyclopes,0.7298,0.889,0.0,none,False,symmachy,邦联同盟,Symmachy,0.6797,helots,0.7839,0.86,0.1405,forced,False
c2,065,065,D:\download\ato2\ATO\map\images\c2-tile-065-front.png,symmachy,邦联同盟,Symmachy,1,forced,,,,0.5434,cyclopes,0.6074,0.6819,0.0001,none,False,symmachy,邦联同盟,Symmachy,0.6817,helots,0.7821,0.8609,0.1395,forced,False
c2,066,066,D:\download\ato2\ATO\map\images\c2-tile-066-front.png,symmachy,邦联同盟,Symmachy,1,forced,,,,0.4467,helots,0.4716,0.5125,0.0027,none,False,symmachy,邦联同盟,Symmachy,0.6822,helots,0.7793,0.8603,0.1385,forced,False
c2,067,067,D:\download\ato2\ATO\map\images\c2-tile-067-front.png,symmachy,邦联同盟,Symmachy,1,forced,,,,0.6229,cyclopes,0.7262,0.8828,0.1017,none,False,symmachy,邦联同盟,Symmachy,0.6815,helots,0.7792,0.8669,0.137,forced,False
c2,068,068,D:\download\ato2\ATO\map\images\c2-tile-068-front.png,symmachy,邦联同盟,Symmachy,1,forced,,,,0.6021,cyclopes,0.7071,0.8111,0.0,none,False,symmachy,邦联同盟,Symmachy,0.6343,cyclopes,0.7385,0.8724,0.1244,forced,False
c2,069,069,D:\download\ato2\ATO\map\images\c2-tile-069-front.png,helots,希洛人,Helots,1,low,,,,0.6179,cyclopes,0.705,0.8675,0.1012,none,False,helots,希洛人,Helots,0.7302,cyclopes,0.7797,0.7494,0.2634,low,False
c2,070,070,D:\download\ato2\ATO\map\images\c2-tile-070-front.png,helots,希洛人,Helots,1,low,,,,0.3277,cyclopes,0.3785,0.208,0.0033,none,False,helots,希洛人,Helots,0.7331,cyclopes,0.782,0.7538,0.2557,low,False
c2,071,071,D:\download\ato2\ATO\map\images\c2-tile-071-front.png,helots,希洛人,Helots,1,low,,,,0.3338,cyclopes,0.4585,0.3543,0.0031,none,False,helots,希洛人,Helots,0.7311,cyclopes,0.7858,0.7503,0.2617,low,False
c2,072,072,D:\download\ato2\ATO\map\images\c2-tile-072-front.png,symmachy,邦联同盟,Symmachy,1,forced,,,,0.6221,cyclopes,0.7003,0.8655,0.0438,none,False,symmachy,邦联同盟,Symmachy,0.6708,helots,0.7895,0.8622,0.1375,forced,False
c2,073,073,D:\download\ato2\ATO\map\images\c2-tile-073-front.png,symmachy,邦联同盟,Symmachy,1,forced,,,,0.5373,cyclopes,0.7016,0.8658,0.0097,none,False,symmachy,邦联同盟,Symmachy,0.6348,cyclopes,0.7292,0.8751,0.1219,forced,False
c2,074,074,D:\download\ato2\ATO\map\images\c2-tile-074-front.png,symmachy,邦联同盟,Symmachy,1,forced,,,,0.4789,cyclopes,0.5165,0.7251,0.0081,none,False,symmachy,邦联同盟,Symmachy,0.6288,cyclopes,0.7232,0.8725,0.1211,forced,False
c2,075,075,D:\download\ato2\ATO\map\images\c2-tile-075-front.png,helots,希洛人,Helots,1,low,,,,0.5436,helots,0.553,0.5594,0.0889,none,False,helots,希洛人,Helots,0.7253,cyclopes,0.7866,0.7513,0.2591,low,False
c2,076,076,D:\download\ato2\ATO\map\images\c2-tile-076-front.png,helots,希洛人,Helots,1,low,,,,0.5227,cyclopes,0.5335,0.7039,0.0001,none,False,helots,希洛人,Helots,0.7284,symmachy,0.7729,0.7504,0.2515,low,False
c2,077,077,D:\download\ato2\ATO\map\images\c2-tile-077-front.png,helots,希洛人,Helots,1,low,,,,0.5694,cyclopes,0.6431,0.724,0.0255,none,False,helots,希洛人,Helots,0.7293,symmachy,0.773,0.7516,0.2517,low,False
c2,078,078,D:\download\ato2\ATO\map\images\c2-tile-078-front.png,helots,希洛人,Helots,1,low,,,,0.5601,cyclopes,0.7017,0.8615,0.0029,none,False,helots,希洛人,Helots,0.7298,symmachy,0.748,0.7509,0.2577,low,False
c2,079,079,D:\download\ato2\ATO\map\images\c2-tile-079-front.png,symmachy,邦联同盟,Symmachy,1,low,,,,0.4261,helots,0.4607,0.4142,0.0058,none,False,symmachy,邦联同盟,Symmachy,0.7119,helots,0.7292,0.7486,0.2575,low,False
c2,080,080,D:\download\ato2\ATO\map\images\c2-tile-080-front.png,helots,希洛人,Helots,1,low,,,,0.4516,cyclopes,0.4874,0.4785,0.0023,none,False,helots,希洛人,Helots,0.7263,symmachy,0.7578,0.7516,0.2596,low,False
c2,081,081,D:\download\ato2\ATO\map\images\c2-tile-081-front.png,symmachy,邦联同盟,Symmachy,1,forced,,,,0.2248,cyclopes,0.2615,0.1084,0.0316,none,False,symmachy,邦联同盟,Symmachy,0.6303,cyclopes,0.7396,0.8736,0.1206,forced,False
c2,082,082,D:\download\ato2\ATO\map\images\c2-tile-082-front.png,symmachy,邦联同盟,Symmachy,1,low,,,,0.5599,cyclopes,0.6223,0.772,0.0707,none,False,symmachy,邦联同盟,Symmachy,0.6907,helots,0.7289,0.748,0.2606,low,False
c2,083,083,D:\download\ato2\ATO\map\images\c2-tile-083-front.png,symmachy,邦联同盟,Symmachy,1,low,,,,0.5881,cyclopes,0.665,0.7433,0.0195,none,False,symmachy,邦联同盟,Symmachy,0.7181,helots,0.7295,0.7495,0.2587,low,False
c2,084,084,D:\download\ato2\ATO\map\images\c2-tile-084-front.png,symmachy,邦联同盟,Symmachy,1,low,,,,0.5344,symmachy,0.5379,0.5365,0.0,none,False,symmachy,邦联同盟,Symmachy,0.7187,helots,0.7302,0.7501,0.2571,low,False
c3,079,079,D:\download\ato2\ATO\map\images\c3-tile-079-front.png,delphians,德尔菲人,Delphians,1,low,,,,0.5602,twilightWatch,0.5698,0.7828,0.171,none,False,delphians,德尔菲人,Delphians,0.5771,twilightWatch,0.6826,0.7878,0.1932,low,False
c3,082,082,D:\download\ato2\ATO\map\images\c3-tile-082-front.png,delphians,德尔菲人,Delphians,1,low,,,,0.2882,twilightWatch,0.326,0.185,0.1091,none,False,delphians,德尔菲人,Delphians,0.5787,twilightWatch,0.7099,0.7936,0.1937,low,False
c3,067,067,D:\download\ato2\ATO\map\images\c3-tile-067-front.png,delphians,德尔菲人,Delphians,1,low,,,,0.4654,sunheirs,0.5925,0.6163,0.0611,none,False,delphians,德尔菲人,Delphians,0.585,twilightWatch,0.7011,0.7914,0.1923,low,False
c3,071,071,D:\download\ato2\ATO\map\images\c3-tile-071-front.png,delphians,德尔菲人,Delphians,1,low,,,,0.5561,twilightWatch,0.6172,0.8197,0.1464,none,False,delphians,德尔菲人,Delphians,0.5798,sunheirs,0.7167,0.7887,0.196,low,False
c3,081,081,D:\download\ato2\ATO\map\images\c3-tile-081-front.png,delphians,德尔菲人,Delphians,1,low,,,,0.4266,twilightWatch,0.5171,0.6867,0.1161,none,False,delphians,德尔菲人,Delphians,0.5632,twilightWatch,0.6943,0.8088,0.1634,low,False
c3,086,086,D:\download\ato2\ATO\map\images\c3-tile-086-front.png,delphians,德尔菲人,Delphians,1,low,,,,0.5294,twilightWatch,0.6556,0.7675,0.0,none,False,delphians,德尔菲人,Delphians,0.573,sunheirs,0.713,0.7903,0.1935,low,False
c3,091,091,D:\download\ato2\ATO\map\images\c3-tile-091-front.png,delphians,德尔菲人,Delphians,1,forced,,,,0.4575,twilightWatch,0.5889,0.8034,0.0495,none,False,delphians,德尔菲人,Delphians,0.5697,sunheirs,0.72,0.827,0.1526,forced,False
c3,066,066,D:\download\ato2\ATO\map\images\c3-tile-066-front.png,delphians,德尔菲人,Delphians,1,low,,,,0.4622,twilightWatch,0.5456,0.7689,0.0052,none,False,delphians,德尔菲人,Delphians,0.5805,sunheirs,0.7046,0.7821,0.1995,low,False
c3,070,070,D:\download\ato2\ATO\map\images\c3-tile-070-front.png,delphians,德尔菲人,Delphians,1,forced,,,,0.488,sunheirs,0.4959,0.5028,0.1229,none,False,delphians,德尔菲人,Delphians,0.5904,twilightWatch,0.7086,0.8238,0.1532,forced,False
c3,008,008,D:\download\ato2\ATO\map\images\c3-tile-008-front.png,twilightWatch,暮光守望,Twilight Watch,1,low,twilightWatch,暮光守望,Twilight Watch,0.4595,sunheirs,0.4717,0.422,0.4451,low,False,,,,0.6515,sunheirs,0.6543,0.5592,0.4454,none,True
c3,073,073,D:\download\ato2\ATO\map\images\c3-tile-073-front.png,delphians,德尔菲人,Delphians,1,low,,,,0.3886,twilightWatch,0.3898,0.3231,0.0,none,False,delphians,德尔菲人,Delphians,0.5831,sunheirs,0.7008,0.7918,0.1984,low,False
c3,085,085,D:\download\ato2\ATO\map\images\c3-tile-085-front.png,"twilightWatch,delphians",暮光守望、德尔菲人,"Twilight Watch, Delphians",2,low,twilightWatch,暮光守望,Twilight Watch,0.462,sunheirs,0.5009,0.5469,0.3244,low,False,delphians,德尔菲人,Delphians,0.5496,sunheirs,0.6786,0.7765,0.1659,low,False
c3,013,013,D:\download\ato2\ATO\map\images\c3-tile-013-front.png,delphians,德尔菲人,Delphians,1,low,delphians,德尔菲人,Delphians,0.4682,twilightWatch,0.5443,0.6207,0.1686,low,False,,,,0.5251,twilightWatch,0.663,0.7657,0.228,none,True
c3,090,090,D:\download\ato2\ATO\map\images\c3-tile-090-front.png,"sunheirs,delphians",太阳后裔、德尔菲人,"Sunheirs, Delphians",2,low,sunheirs,太阳后裔,Sunheirs,0.4266,twilightWatch,0.4421,0.3776,0.3071,low,False,delphians,德尔菲人,Delphians,0.5086,twilightWatch,0.644,0.7537,0.2095,low,False
c3,016,016,D:\download\ato2\ATO\map\images\c3-tile-016-front.png,delphians,德尔菲人,Delphians,1,low,,,,0.4644,twilightWatch,0.5435,0.7748,0.0368,none,False,delphians,德尔菲人,Delphians,0.5867,twilightWatch,0.7035,0.8131,0.1717,low,False
c3,034,034,D:\download\ato2\ATO\map\images\c3-tile-034-front.png,delphians,德尔菲人,Delphians,1,low,,,,0.4062,twilightWatch,0.4259,0.3203,0.206,none,False,delphians,德尔菲人,Delphians,0.5777,sunheirs,0.7425,0.807,0.1816,low,False
c3,055,055,D:\download\ato2\ATO\map\images\c3-tile-055-front.png,delphians,德尔菲人,Delphians,1,forced,,,,0.5211,twilightWatch,0.6481,0.7508,0.0726,none,False,delphians,德尔菲人,Delphians,0.5887,twilightWatch,0.7154,0.8267,0.1541,forced,False
c3,039,039,D:\download\ato2\ATO\map\images\c3-tile-039-front.png,delphians,德尔菲人,Delphians,1,forced,,,,0.5238,twilightWatch,0.7054,0.8639,0.0,none,False,delphians,德尔菲人,Delphians,0.5407,twilightWatch,0.7181,0.8424,0.1369,forced,False
c3,057,057,D:\download\ato2\ATO\map\images\c3-tile-057-front.png,delphians,德尔菲人,Delphians,1,low,,,,0.5322,twilightWatch,0.6877,0.9101,0.0,none,False,delphians,德尔菲人,Delphians,0.5852,sunheirs,0.7169,0.7933,0.1962,low,False
c3,007,007,D:\download\ato2\ATO\map\images\c3-tile-007-front.png,twilightWatch,暮光守望,Twilight Watch,1,low,twilightWatch,暮光守望,Twilight Watch,0.4642,delphians,0.5627,0.6881,0.1972,low,False,,,,0.6401,sunheirs,0.6402,0.5671,0.4337,none,True
c3,042,042,D:\download\ato2\ATO\map\images\c3-tile-042-front.png,delphians,德尔菲人,Delphians,1,forced,,,,0.43,delphians,0.4993,0.5791,0.0,none,False,delphians,德尔菲人,Delphians,0.5795,twilightWatch,0.7055,0.834,0.1411,forced,False
c3,059,059,D:\download\ato2\ATO\map\images\c3-tile-059-front.png,delphians,德尔菲人,Delphians,1,low,,,,0.437,twilightWatch,0.4998,0.5678,0.0538,none,False,delphians,德尔菲人,Delphians,0.5785,sunheirs,0.7138,0.7981,0.1882,low,False
c3,072,072,D:\download\ato2\ATO\map\images\c3-tile-072-front.png,twilightWatch,暮光守望,Twilight Watch,1,low,twilightWatch,暮光守望,Twilight Watch,0.4776,sunheirs,0.5381,0.6243,0.3296,low,False,,,,0.6483,sunheirs,0.6581,0.5585,0.4444,none,True
c3,047,047,D:\download\ato2\ATO\map\images\c3-tile-047-front.png,delphians,德尔菲人,Delphians,1,forced,,,,0.462,twilightWatch,0.6087,0.7916,0.0388,none,False,delphians,德尔菲人,Delphians,0.5796,sunheirs,0.7244,0.8277,0.1481,forced,False
c3,075,075,D:\download\ato2\ATO\map\images\c3-tile-075-front.png,twilightWatch,暮光守望,Twilight Watch,1,low,,,,0.4503,sunheirs,0.472,0.4675,0.0,none,False,twilightWatch,暮光守望,Twilight Watch,0.6642,sunheirs,0.6698,0.5723,0.429,low,False
c3,027,027,D:\download\ato2\ATO\map\images\c3-tile-027-front.png,delphians,德尔菲人,Delphians,1,low,,,,0.5363,twilightWatch,0.5841,0.6354,0.1759,none,False,delphians,德尔菲人,Delphians,0.5808,twilightWatch,0.6913,0.8013,0.1802,low,False
c3,033,033,D:\download\ato2\ATO\map\images\c3-tile-033-front.png,delphians,德尔菲人,Delphians,1,low,,,,0.504,twilightWatch,0.6283,0.7915,0.0002,none,False,delphians,德尔菲人,Delphians,0.5727,twilightWatch,0.6914,0.8061,0.175,low,False
c3,054,054,D:\download\ato2\ATO\map\images\c3-tile-054-front.png,"sunheirs,delphians",太阳后裔、德尔菲人,"Sunheirs, Delphians",2,forced,sunheirs,太阳后裔,Sunheirs,0.4935,delphians,0.5084,0.4943,0.1741,low,False,delphians,德尔菲人,Delphians,0.5728,sunheirs,0.7208,0.8259,0.1539,forced,False
c3,003,003,D:\download\ato2\ATO\map\images\c3-tile-003-front.png,"sunheirs,delphians",太阳后裔、德尔菲人,"Sunheirs, Delphians",2,low,sunheirs,太阳后裔,Sunheirs,0.4102,twilightWatch,0.4406,0.231,0.3865,low,False,delphians,德尔菲人,Delphians,0.5725,twilightWatch,0.6951,0.7818,0.2141,low,False
c3,038,038,D:\download\ato2\ATO\map\images\c3-tile-038-front.png,"sunheirs,delphians",太阳后裔、德尔菲人,"Sunheirs, Delphians",2,low,sunheirs,太阳后裔,Sunheirs,0.3768,twilightWatch,0.3917,0.3017,0.3157,low,False,delphians,德尔菲人,Delphians,0.5368,twilightWatch,0.6986,0.79,0.2045,low,False
c3,006,006,D:\download\ato2\ATO\map\images\c3-tile-006-front.png,"twilightWatch,sunheirs",暮光守望、太阳后裔,"Twilight Watch, Sunheirs",2,low,twilightWatch,暮光守望,Twilight Watch,0.4459,sunheirs,0.4594,0.4937,0.4306,low,False,sunheirs,太阳后裔,Sunheirs,0.6025,twilightWatch,0.6161,0.554,0.4354,low,False
c3,015,015,D:\download\ato2\ATO\map\images\c3-tile-015-front.png,"sunheirs,delphians",太阳后裔、德尔菲人,"Sunheirs, Delphians",2,low,sunheirs,太阳后裔,Sunheirs,0.3012,twilightWatch,0.3756,0.1015,0.8402,medium,False,delphians,德尔菲人,Delphians,0.5506,sunheirs,0.679,0.7757,0.2128,low,False
c3,058,058,D:\download\ato2\ATO\map\images\c3-tile-058-front.png,delphians,德尔菲人,Delphians,1,low,,,,0.5271,twilightWatch,0.6876,0.8867,0.0,none,False,delphians,德尔菲人,Delphians,0.5882,sunheirs,0.7222,0.7969,0.1929,low,False
c3,022,022,D:\download\ato2\ATO\map\images\c3-tile-022-front.png,"sunheirs,delphians",太阳后裔、德尔菲人,"Sunheirs, Delphians",2,low,sunheirs,太阳后裔,Sunheirs,0.373,twilightWatch,0.4357,0.3881,0.2637,medium,False,delphians,德尔菲人,Delphians,0.5686,twilightWatch,0.7112,0.8149,0.1651,low,False
c3,024,024,D:\download\ato2\ATO\map\images\c3-tile-024-front.png,sunheirs,太阳后裔,Sunheirs,1,low,,,,0.5193,twilightWatch,0.699,0.9741,0.0001,none,False,sunheirs,太阳后裔,Sunheirs,0.6542,twilightWatch,0.6569,0.5619,0.4546,low,False
c3,046,046,D:\download\ato2\ATO\map\images\c3-tile-046-front.png,"delphians,sunheirs",德尔菲人、太阳后裔,"Delphians, Sunheirs",2,low,delphians,德尔菲人,Delphians,0.4561,sunheirs,0.4865,0.4875,0.2837,low,False,sunheirs,太阳后裔,Sunheirs,0.6482,twilightWatch,0.6485,0.5666,0.4611,low,False
c3,074,074,D:\download\ato2\ATO\map\images\c3-tile-074-front.png,"sunheirs,delphians",太阳后裔、德尔菲人,"Sunheirs, Delphians",2,low,sunheirs,太阳后裔,Sunheirs,0.3024,twilightWatch,0.3512,0.1511,0.741,medium,False,delphians,德尔菲人,Delphians,0.5656,twilightWatch,0.5885,0.5267,0.4654,low,False
c3,026,026,D:\download\ato2\ATO\map\images\c3-tile-026-front.png,delphians,德尔菲人,Delphians,1,low,,,,0.5158,twilightWatch,0.5492,0.6854,0.1433,none,False,delphians,德尔菲人,Delphians,0.5771,twilightWatch,0.674,0.7897,0.1982,low,False
c3,028,028,D:\download\ato2\ATO\map\images\c3-tile-028-front.png,delphians,德尔菲人,Delphians,1,forced,,,,0.4646,sunheirs,0.6193,0.7525,0.0002,none,False,delphians,德尔菲人,Delphians,0.5687,twilightWatch,0.7145,0.8357,0.1369,forced,False
c3,051,051,D:\download\ato2\ATO\map\images\c3-tile-051-front.png,twilightWatch,暮光守望,Twilight Watch,1,low,,,,0.5081,twilightWatch,0.637,0.7937,0.0002,none,False,twilightWatch,暮光守望,Twilight Watch,0.6629,sunheirs,0.6696,0.5692,0.4276,low,False
c3,078,078,D:\download\ato2\ATO\map\images\c3-tile-078-front.png,twilightWatch,暮光守望,Twilight Watch,1,low,,,,0.4666,twilightWatch,0.4959,0.0105,0.9767,none,False,twilightWatch,暮光守望,Twilight Watch,0.5831,sunheirs,0.5841,0.5048,0.5069,low,False
c3,031,031,D:\download\ato2\ATO\map\images\c3-tile-031-front.png,delphians,德尔菲人,Delphians,1,low,,,,0.5721,sunheirs,0.5869,0.5503,0.3897,none,False,delphians,德尔菲人,Delphians,0.4989,sunheirs,0.6252,0.5778,0.3878,low,False
c3,053,053,D:\download\ato2\ATO\map\images\c3-tile-053-front.png,delphians,德尔菲人,Delphians,1,low,,,,0.4315,sunheirs,0.4328,0.3093,0.2702,none,False,delphians,德尔菲人,Delphians,0.5322,sunheirs,0.6701,0.7811,0.1569,low,False
c3,002,002,D:\download\ato2\ATO\map\images\c3-tile-002-front.png,delphians,德尔菲人,Delphians,1,forced,,,,0.5221,twilightWatch,0.7077,0.9774,0.0048,none,False,delphians,德尔菲人,Delphians,0.5828,twilightWatch,0.7133,0.8276,0.1556,forced,False
c3,037,037,D:\download\ato2\ATO\map\images\c3-tile-037-front.png,delphians,德尔菲人,Delphians,1,forced,,,,0.6051,sunheirs,0.6203,0.6647,0.2274,none,False,delphians,德尔菲人,Delphians,0.5638,twilightWatch,0.709,0.8329,0.1471,forced,False
c3,089,089,D:\download\ato2\ATO\map\images\c3-tile-089-front.png,delphians,德尔菲人,Delphians,1,forced,,,,0.543,twilightWatch,0.6098,0.8348,0.0,none,False,delphians,德尔菲人,Delphians,0.5705,twilightWatch,0.7227,0.8262,0.1529,forced,False
c3,005,005,D:\download\ato2\ATO\map\images\c3-tile-005-front.png,twilightWatch,暮光守望,Twilight Watch,1,low,,,,0.5581,twilightWatch,0.6925,0.8797,0.0073,none,False,twilightWatch,暮光守望,Twilight Watch,0.6374,sunheirs,0.6422,0.5702,0.4065,low,False
c3,018,018,D:\download\ato2\ATO\map\images\c3-tile-018-front.png,sunheirs,太阳后裔,Sunheirs,1,low,,,,0.5712,twilightWatch,0.6407,0.7701,0.0001,none,False,sunheirs,太阳后裔,Sunheirs,0.6589,twilightWatch,0.6712,0.5792,0.398,low,False
c3,041,041,D:\download\ato2\ATO\map\images\c3-tile-041-front.png,delphians,德尔菲人,Delphians,1,forced,,,,0.5197,twilightWatch,0.7017,0.9779,0.0006,none,False,delphians,德尔菲人,Delphians,0.5696,twilightWatch,0.716,0.8366,0.1378,forced,False
c3,012,012,D:\download\ato2\ATO\map\images\c3-tile-012-front.png,"sunheirs,delphians",太阳后裔、德尔菲人,"Sunheirs, Delphians",2,low,sunheirs,太阳后裔,Sunheirs,0.4351,delphians,0.484,0.3594,0.5327,low,False,delphians,德尔菲人,Delphians,0.5345,twilightWatch,0.6368,0.7321,0.2874,low,False
c3,021,021,D:\download\ato2\ATO\map\images\c3-tile-021-front.png,delphians,德尔菲人,Delphians,1,low,,,,0.4429,twilightWatch,0.4515,0.4689,0.0279,none,False,delphians,德尔菲人,Delphians,0.5914,twilightWatch,0.7195,0.7873,0.2135,low,False
c3,023,023,D:\download\ato2\ATO\map\images\c3-tile-023-front.png,delphians,德尔菲人,Delphians,1,low,,,,0.3638,twilightWatch,0.3653,0.2706,0.2199,none,False,delphians,德尔菲人,Delphians,0.5846,sunheirs,0.7257,0.7815,0.2156,low,False
c3,045,045,D:\download\ato2\ATO\map\images\c3-tile-045-front.png,twilightWatch,暮光守望,Twilight Watch,1,low,,,,0.5347,twilightWatch,0.6377,0.6748,0.0032,none,False,twilightWatch,暮光守望,Twilight Watch,0.6441,sunheirs,0.6475,0.5663,0.4092,low,False
c3,025,025,D:\download\ato2\ATO\map\images\c3-tile-025-front.png,twilightWatch,暮光守望,Twilight Watch,1,low,,,,0.2142,twilightWatch,0.28,0.0045,0.9483,none,False,twilightWatch,暮光守望,Twilight Watch,0.6421,sunheirs,0.6515,0.5526,0.4511,low,False
c3,050,050,D:\download\ato2\ATO\map\images\c3-tile-050-front.png,twilightWatch,暮光守望,Twilight Watch,1,low,,,,0.4403,twilightWatch,0.4923,0.2686,0.1854,none,False,twilightWatch,暮光守望,Twilight Watch,0.6575,sunheirs,0.6617,0.5635,0.4257,low,False
c3,077,077,D:\download\ato2\ATO\map\images\c3-tile-077-front.png,"sunheirs,twilightWatch",太阳后裔、暮光守望,"Sunheirs, Twilight Watch",2,low,sunheirs,太阳后裔,Sunheirs,0.2885,twilightWatch,0.3268,0.1012,0.5146,medium,False,twilightWatch,暮光守望,Twilight Watch,0.6075,sunheirs,0.6084,0.53,0.4725,low,False
c3,030,030,D:\download\ato2\ATO\map\images\c3-tile-030-front.png,delphians,德尔菲人,Delphians,1,low,,,,0.4525,twilightWatch,0.6354,0.8867,0.0007,none,False,delphians,德尔菲人,Delphians,0.6138,twilightWatch,0.6394,0.5817,0.3857,low,False
c3,032,032,D:\download\ato2\ATO\map\images\c3-tile-032-front.png,twilightWatch,暮光守望,Twilight Watch,1,low,,,,0.4887,twilightWatch,0.7098,0.9074,0.0533,none,False,twilightWatch,暮光守望,Twilight Watch,0.6455,sunheirs,0.6544,0.555,0.4189,low,False
c3,065,065,D:\download\ato2\ATO\map\images\c3-tile-065-front.png,delphians,德尔菲人,Delphians,1,low,delphians,德尔菲人,Delphians,0.4015,twilightWatch,0.5065,0.6862,0.2144,low,False,,,,0.5906,sunheirs,0.7085,0.7909,0.197,none,True
c3,001,001,D:\download\ato2\ATO\map\images\c3-tile-001-front.png,delphians,德尔菲人,Delphians,1,forced,,,,0.5094,twilightWatch,0.6267,0.7893,0.0025,none,False,delphians,德尔菲人,Delphians,0.5804,sunheirs,0.7251,0.832,0.1519,forced,False
c3,036,036,D:\download\ato2\ATO\map\images\c3-tile-036-front.png,delphians,德尔菲人,Delphians,1,low,delphians,德尔菲人,Delphians,0.483,twilightWatch,0.5143,0.4935,0.247,low,False,,,,0.5637,twilightWatch,0.7065,0.8264,0.1484,none,True
c3,069,069,D:\download\ato2\ATO\map\images\c3-tile-069-front.png,delphians,德尔菲人,Delphians,1,low,,,,0.5517,twilightWatch,0.6555,0.8529,0.0045,none,False,delphians,德尔菲人,Delphians,0.562,twilightWatch,0.6904,0.7973,0.194,low,False
c3,088,088,D:\download\ato2\ATO\map\images\c3-tile-088-front.png,"twilightWatch,delphians",暮光守望、德尔菲人,"Twilight Watch, Delphians",2,forced,twilightWatch,暮光守望,Twilight Watch,0.4738,sunheirs,0.4905,0.5111,0.2619,low,False,delphians,德尔菲人,Delphians,0.5967,twilightWatch,0.707,0.8197,0.1612,forced,False
c3,333,333,D:\download\ato2\ATO\map\images\c3-tile-333-front.png,delphians,德尔菲人,Delphians,1,forced,,,,0.4967,delphians,0.5616,0.641,0.0028,none,False,delphians,德尔菲人,Delphians,0.5362,twilightWatch,0.7193,0.9797,0.0,forced,False
c3,004,004,D:\download\ato2\ATO\map\images\c3-tile-004-front.png,sunheirs,太阳后裔,Sunheirs,1,low,,,,0.4079,sunheirs,0.513,0.504,0.1022,none,False,sunheirs,太阳后裔,Sunheirs,0.6167,twilightWatch,0.6262,0.5635,0.3918,low,False
c3,017,017,D:\download\ato2\ATO\map\images\c3-tile-017-front.png,delphians,德尔菲人,Delphians,1,low,,,,0.4338,twilightWatch,0.6144,0.8012,0.0,none,False,delphians,德尔菲人,Delphians,0.5814,sunheirs,0.7108,0.7778,0.2009,low,False
c3,011,011,D:\download\ato2\ATO\map\images\c3-tile-011-front.png,"sunheirs,twilightWatch",太阳后裔、暮光守望,"Sunheirs, Twilight Watch",2,low,sunheirs,太阳后裔,Sunheirs,0.454,twilightWatch,0.4551,0.445,0.4451,low,False,twilightWatch,暮光守望,Twilight Watch,0.6064,sunheirs,0.6153,0.5187,0.4822,low,False
c3,020,020,D:\download\ato2\ATO\map\images\c3-tile-020-front.png,delphians,德尔菲人,Delphians,1,low,,,,0.5447,sunheirs,0.5494,0.5322,0.3961,none,False,delphians,德尔菲人,Delphians,0.5636,sunheirs,0.696,0.7949,0.1869,low,False
c3,044,044,D:\download\ato2\ATO\map\images\c3-tile-044-front.png,twilightWatch,暮光守望,Twilight Watch,1,low,,,,0.4733,sunheirs,0.6108,0.7187,0.1273,none,False,twilightWatch,暮光守望,Twilight Watch,0.6594,sunheirs,0.6635,0.5656,0.4273,low,False
c3,049,049,D:\download\ato2\ATO\map\images\c3-tile-049-front.png,sunheirs,太阳后裔,Sunheirs,1,low,,,,0.2465,twilightWatch,0.3269,0.0633,0.3103,none,False,sunheirs,太阳后裔,Sunheirs,0.6309,twilightWatch,0.6316,0.5585,0.4006,low,False
c3,076,076,D:\download\ato2\ATO\map\images\c3-tile-076-front.png,"sunheirs,delphians",太阳后裔、德尔菲人,"Sunheirs, Delphians",2,low,sunheirs,太阳后裔,Sunheirs,0.2384,twilightWatch,0.3081,0.0754,0.8803,high,False,delphians,德尔菲人,Delphians,0.5482,sunheirs,0.6134,0.5626,0.4934,low,False
c3,029,029,D:\download\ato2\ATO\map\images\c3-tile-029-front.png,delphians,德尔菲人,Delphians,1,forced,,,,0.5715,twilightWatch,0.6186,0.685,0.0,none,False,delphians,德尔菲人,Delphians,0.5718,twilightWatch,0.7151,0.8347,0.141,forced,False
c3,080,080,D:\download\ato2\ATO\map\images\c3-tile-080-front.png,"sunheirs,twilightWatch",太阳后裔、暮光守望,"Sunheirs, Twilight Watch",2,low,sunheirs,太阳后裔,Sunheirs,0.475,delphians,0.4921,0.4305,0.5256,low,False,twilightWatch,暮光守望,Twilight Watch,0.6459,sunheirs,0.6468,0.5681,0.4252,low,False
c3,084,084,D:\download\ato2\ATO\map\images\c3-tile-084-front.png,twilightWatch,暮光守望,Twilight Watch,1,low,,,,0.5098,twilightWatch,0.638,0.9128,0.0561,none,False,twilightWatch,暮光守望,Twilight Watch,0.651,sunheirs,0.658,0.5656,0.4305,low,False
c3,062,062,D:\download\ato2\ATO\map\images\c3-tile-062-front.png,"sunheirs,delphians",太阳后裔、德尔菲人,"Sunheirs, Delphians",2,low,sunheirs,太阳后裔,Sunheirs,0.4878,delphians,0.5206,0.5037,0.2355,low,False,delphians,德尔菲人,Delphians,0.5774,twilightWatch,0.6852,0.794,0.1906,low,False
c3,064,064,D:\download\ato2\ATO\map\images\c3-tile-064-front.png,delphians,德尔菲人,Delphians,1,low,,,,0.5357,twilightWatch,0.6402,0.8447,0.0,none,False,delphians,德尔菲人,Delphians,0.5851,sunheirs,0.7168,0.7964,0.1925,low,False
c3,035,035,D:\download\ato2\ATO\map\images\c3-tile-035-front.png,twilightWatch,暮光守望,Twilight Watch,1,low,,,,0.5071,sunheirs,0.607,0.5285,0.0012,none,False,twilightWatch,暮光守望,Twilight Watch,0.6496,sunheirs,0.6572,0.5717,0.408,low,False
c3,068,068,D:\download\ato2\ATO\map\images\c3-tile-068-front.png,delphians,德尔菲人,Delphians,1,forced,,,,0.4127,twilightWatch,0.4193,0.3933,0.0004,none,False,delphians,德尔菲人,Delphians,0.5809,twilightWatch,0.7094,0.8261,0.1534,forced,False
c3,087,087,D:\download\ato2\ATO\map\images\c3-tile-087-front.png,delphians,德尔菲人,Delphians,1,low,,,,0.4918,sunheirs,0.6112,0.6904,0.0085,none,False,delphians,德尔菲人,Delphians,0.5659,sunheirs,0.7025,0.7722,0.2025,low,False
c3,040,040,D:\download\ato2\ATO\map\images\c3-tile-040-front.png,twilightWatch,暮光守望,Twilight Watch,1,low,,,,0.5273,twilightWatch,0.6973,0.8933,0.0,none,False,twilightWatch,暮光守望,Twilight Watch,0.6488,sunheirs,0.658,0.5727,0.4093,low,False
c3,010,010,D:\download\ato2\ATO\map\images\c3-tile-010-front.png,delphians,德尔菲人,Delphians,1,low,,,,0.4257,twilightWatch,0.4705,0.4393,0.0882,none,False,delphians,德尔菲人,Delphians,0.5739,sunheirs,0.7408,0.7796,0.2045,low,False
c3,019,019,D:\download\ato2\ATO\map\images\c3-tile-019-front.png,twilightWatch,暮光守望,Twilight Watch,1,low,,,,0.5302,twilightWatch,0.6873,0.8924,0.0,none,False,twilightWatch,暮光守望,Twilight Watch,0.6359,sunheirs,0.6371,0.5608,0.4166,low,False
c3,043,043,D:\download\ato2\ATO\map\images\c3-tile-043-front.png,delphians,德尔菲人,Delphians,1,forced,,,,0.4315,delphians,0.5389,0.6141,0.0,none,False,delphians,德尔菲人,Delphians,0.5812,twilightWatch,0.699,0.8,0.1763,forced,False
c3,048,048,D:\download\ato2\ATO\map\images\c3-tile-048-front.png,delphians,德尔菲人,Delphians,1,forced,,,,0.5282,twilightWatch,0.7084,0.935,0.0,none,False,delphians,德尔菲人,Delphians,0.5784,twilightWatch,0.7185,0.8262,0.1528,forced,False
c3,052,052,D:\download\ato2\ATO\map\images\c3-tile-052-front.png,delphians,德尔菲人,Delphians,1,forced,,,,0.5327,twilightWatch,0.6755,0.8678,0.0,none,False,delphians,德尔菲人,Delphians,0.5874,sunheirs,0.7228,0.832,0.1489,forced,False
c3,056,056,D:\download\ato2\ATO\map\images\c3-tile-056-front.png,delphians,德尔菲人,Delphians,1,low,,,,0.5472,twilightWatch,0.6227,0.8474,0.0,none,False,delphians,德尔菲人,Delphians,0.575,sunheirs,0.6983,0.7879,0.2016,low,False
c3,060,060,D:\download\ato2\ATO\map\images\c3-tile-060-front.png,delphians,德尔菲人,Delphians,1,low,,,,0.5451,twilightWatch,0.557,0.5467,0.0138,none,False,delphians,德尔菲人,Delphians,0.5698,sunheirs,0.7257,0.7964,0.1821,low,False
c3,083,083,D:\download\ato2\ATO\map\images\c3-tile-083-front.png,twilightWatch,暮光守望,Twilight Watch,1,low,,,,0.5038,sunheirs,0.5111,0.4794,0.0,none,False,twilightWatch,暮光守望,Twilight Watch,0.6587,sunheirs,0.6666,0.5656,0.4303,low,False
c3,061,061,D:\download\ato2\ATO\map\images\c3-tile-061-front.png,delphians,德尔菲人,Delphians,1,low,,,,0.4955,twilightWatch,0.6212,0.7692,0.0,none,False,delphians,德尔菲人,Delphians,0.5785,sunheirs,0.7255,0.8018,0.1803,low,False
c3,063,063,D:\download\ato2\ATO\map\images\c3-tile-063-front.png,delphians,德尔菲人,Delphians,1,low,,,,0.5004,sunheirs,0.5201,0.4807,0.0,none,False,delphians,德尔菲人,Delphians,0.5806,twilightWatch,0.7031,0.7948,0.1853,low,False
c3,009,009,D:\download\ato2\ATO\map\images\c3-tile-009-front.png,delphians,德尔菲人,Delphians,1,low,,,,0.5355,sunheirs,0.5604,0.5132,0.0188,none,False,delphians,德尔菲人,Delphians,0.5813,twilightWatch,0.6942,0.7924,0.2054,low,False
c3,014,014,D:\download\ato2\ATO\map\images\c3-tile-014-front.png,delphians,德尔菲人,Delphians,1,low,,,,0.5347,twilightWatch,0.6354,0.8384,0.0401,none,False,delphians,德尔菲人,Delphians,0.5766,sunheirs,0.7235,0.7879,0.2035,low,False
